"","Team","X.","Pos.","FIFA.Popular.Name","Birth.Date","Shirt.Name","Club","Height","Weight","League","Age"
"1","Argentina",1,"GK","GUZMAN Nahuel",1986-02-10,"GUZMÁN","Tigres UANL",192,90,"MEX",32.3397260273973
"2","Argentina",2,"DF","MERCADO Gabriel",1987-03-18,"MERCADO","Sevilla FC",181,81,"ESP",31.241095890411
"3","Argentina",3,"DF","TAGLIAFICO Nicolas",1992-08-31,"TAGLIAFICO","AFC Ajax",169,65,"NED",25.786301369863
"4","Argentina",4,"DF","ANSALDI Cristian",1986-09-20,"ANSALDI","Torino FC",181,73,"ITA",31.7315068493151
"5","Argentina",5,"MF","BIGLIA Lucas",1986-01-30,"BIGLIA","AC Milan",175,73,"ITA",32.3698630136986
"6","Argentina",6,"DF","FAZIO Federico",1987-03-17,"FAZIO","AS Roma",199,85,"ITA",31.2438356164384
"7","Argentina",7,"MF","BANEGA Ever",1988-06-29,"BANEGA","Sevilla FC",175,73,"ESP",29.958904109589
"8","Argentina",8,"DF","ACUNA Marcos",1991-10-28,"ACUÑA","Sporting CP",172,77,"POR",26.627397260274
"9","Argentina",9,"FW","HIGUAIN Gonzalo",1987-12-10,"HIGUAÍN","Juventus FC",184,75,"ITA",30.5095890410959
"10","Argentina",10,"FW","MESSI Lionel",1987-06-24,"MESSI","FC Barcelona",170,72,"ESP",30.972602739726
"11","Argentina",11,"MF","DI MARIA Angel",1988-02-14,"DI MARÍA","Paris Saint-Germain FC",178,75,"FRA",30.3287671232877
"12","Argentina",12,"GK","ARMANI Franco",1986-10-16,"ARMANI","CA River Plate",189,85,"ARG",31.6602739726027
"13","Argentina",13,"MF","MEZA Maximiliano",1992-12-15,"MEZA","CA Independiente",180,76,"ARG",25.4958904109589
"14","Argentina",14,"DF","MASCHERANO Javier",1984-06-08,"MASCHERANO","Hebei China Fortune FC",174,73,"CHN",34.0164383561644
"15","Argentina",15,"MF","LANZINI Manuel",1993-02-15,"LANZINI","West Ham United FC",167,66,"ENG",25.3260273972603
"16","Argentina",16,"DF","ROJO Marcos",1990-03-20,"ROJO","Manchester United FC",189,82,"ENG",28.2356164383562
"17","Argentina",17,"DF","OTAMENDI Nicolas",1988-02-12,"OTAMENDI","Manchester City FC",181,81,"ENG",30.3342465753425
"18","Argentina",18,"DF","SALVIO Eduardo",1990-07-13,"SALVIO","SL Benfica",167,69,"POR",27.9205479452055
"19","Argentina",19,"FW","AGUERO Sergio",1988-06-02,"AGÜERO","Manchester City FC",172,74,"ENG",30.0328767123288
"20","Argentina",20,"MF","LO CELSO Giovani",1996-04-09,"LO CELSO","Paris Saint-Germain FC",177,75,"FRA",22.1808219178082
"21","Argentina",21,"FW","DYBALA Paulo",1993-11-15,"DYBALA","Juventus FC",177,73,"ITA",24.5780821917808
"22","Argentina",22,"MF","PAVON Cristian",1996-01-21,"PAVÓN","CA Boca Juniors",169,65,"ARG",22.3945205479452
"23","Argentina",23,"GK","CABALLERO Wilfredo",1981-09-28,"CABALLERO","Chelsea FC",186,80,"ENG",36.7095890410959
"24","Australia",1,"GK","RYAN Mathew",1992-04-08,"RYAN","Brighton & Hove Albion FC",184,82,"ENG",26.1835616438356
"25","Australia",2,"DF","DEGENEK Milos",1994-04-28,"DEGENEK","Yokohama F-Marinos",187,85,"JPN",24.1287671232877
"26","Australia",3,"DF","MEREDITH James",1988-04-05,"MEREDITH","Millwall FC",179,71,"ENG",30.1917808219178
"27","Australia",4,"FW","CAHILL Tim",1979-12-06,"CAHILL","Millwall FC",180,76,"ENG",38.5205479452055
"28","Australia",5,"DF","MILLIGAN Mark",1985-08-04,"MILLIGAN","Al Ahli SC",178,78,"KSA",32.8602739726027
"29","Australia",6,"DF","JURMAN Matthew",1989-12-08,"JURMAN","Suwon Samsung Bluewings FC",190,83,"KOR",28.5150684931507
"30","Australia",7,"FW","LECKIE Mathew",1991-02-04,"LECKIE","Hertha BSC",181,84,"GER",27.3561643835616
"31","Australia",8,"MF","LUONGO Massimo",1992-09-25,"LUONGO","Queens Park Rangers FC",176,76,"ENG",25.7178082191781
"32","Australia",9,"FW","JURIC Tomi",1991-07-22,"JURIC","FC Luzern",190,80,"SUI",26.8958904109589
"33","Australia",10,"FW","KRUSE Robbie",1988-10-05,"KRUSE","VfL Bochum",180,66,"GER",29.6904109589041
"34","Australia",11,"FW","NABBOUT Andrew",1992-12-17,"NABBOUT","Urawa Reds",178,85,"JPN",25.4904109589041
"35","Australia",12,"GK","JONES Brad",1982-03-19,"JONES","Feyenoord Rotterdam",193,87,"NED",36.2383561643836
"36","Australia",13,"MF","MOOY Aaron",1990-09-15,"MOOY","Huddersfield Town FC",173,72,"ENG",27.7452054794521
"37","Australia",14,"FW","MacLAREN Jamie",1993-07-29,"MACLAREN","Hibernian FC",178,72,"SCO",24.8767123287671
"38","Australia",15,"MF","JEDINAK Mile",1984-08-03,"JEDINAK","Aston Villa FC",188,78,"ENG",33.8630136986301
"39","Australia",16,"DF","BEHICH Aziz",1990-12-16,"BEHICH","Bursaspor",170,63,"TUR",27.4931506849315
"40","Australia",17,"FW","ARZANI Daniel",1999-01-04,"ARZANI","Melbourne City FC",171,73,"AUS",19.441095890411
"41","Australia",18,"GK","VUKOVIC Danny",1985-03-27,"VUKOVIC","KRC Genk",187,94,"BEL",33.2164383561644
"42","Australia",19,"DF","RISDON Joshua",1992-07-27,"RISDON","WS Wanderers FC",169,70,"AUS",25.8821917808219
"43","Australia",20,"DF","SAINSBURY Trent",1992-01-05,"SAINSBURY","Grasshopper Club",183,76,"SUI",26.4383561643836
"44","Australia",21,"FW","PETRATOS Dimitrios",1992-11-10,"PETRATOS","Newcastle United Jets FC",176,72,"AUS",25.5917808219178
"45","Australia",22,"MF","IRVINE Jackson",1993-03-07,"IRVINE","Hull City FC",180,77,"ENG",25.2712328767123
"46","Australia",23,"MF","ROGIC Tom",1992-12-16,"ROGIC","Celtic FC",189,88,"SCO",25.4931506849315
"47","Belgium",1,"GK","COURTOIS Thibaut",1992-05-11,"COURTOIS","Chelsea FC",199,91,"ENG",26.0931506849315
"48","Belgium",2,"DF","ALDERWEIRELD Toby",1989-03-02,"ALDERWEIRELD","Tottenham Hotspur FC",186,81,"ENG",29.2849315068493
"49","Belgium",3,"DF","VERMAELEN Thomas",1985-11-14,"VERMAELEN","FC Barcelona",183,80,"ESP",32.5808219178082
"50","Belgium",4,"DF","KOMPANY Vincent",1986-04-10,"KOMPANY","Manchester City FC",190,85,"ENG",32.1780821917808
"51","Belgium",5,"DF","VERTONGHEN Jan",1987-04-24,"VERTONGHEN","Tottenham Hotspur FC",189,86,"ENG",31.1397260273973
"52","Belgium",6,"MF","WITSEL Axel",1989-01-12,"WITSEL","Tianjin Quanjian FC",186,73,"CHN",29.4191780821918
"53","Belgium",7,"MF","DE BRUYNE Kevin",1991-06-28,"DE BRUYNE","Manchester City FC",181,70,"ENG",26.9616438356164
"54","Belgium",8,"MF","FELLAINI Marouane",1987-11-22,"FELLAINI","Manchester United FC",194,85,"ENG",30.558904109589
"55","Belgium",9,"FW","LUKAKU Romelu",1993-05-13,"R. LUKAKU","Manchester United FC",190,94,"ENG",25.0876712328767
"56","Belgium",10,"FW","HAZARD Eden",1991-01-07,"E. HAZARD","Chelsea FC",173,74,"ENG",27.4328767123288
"57","Belgium",11,"MF","CARRASCO Yannick",1993-09-04,"CARRASCO","Dalian Yifang FC",180,67,"CHN",24.7753424657534
"58","Belgium",12,"GK","MIGNOLET Simon",1988-03-06,"MIGNOLET","Liverpool FC",193,87,"ENG",30.2739726027397
"59","Belgium",13,"GK","CASTEELS Koen",1992-06-25,"CASTEELS","VfL Wolfsburg",197,86,"GER",25.9698630136986
"60","Belgium",14,"FW","MERTENS Dries",1987-05-06,"MERTENS","SSC Napoli",169,61,"ITA",31.1068493150685
"61","Belgium",15,"DF","MEUNIER Thomas",1991-09-12,"MEUNIER","Paris Saint-Germain FC",190,88,"FRA",26.7534246575342
"62","Belgium",16,"MF","HAZARD Thorgan",1993-03-29,"T. HAZARD","VfL Borussia Mönchengladbach",174,70,"GER",25.2109589041096
"63","Belgium",17,"MF","TIELEMANS Youri",1997-05-07,"TIELEMANS","AS Monaco",176,72,"FRA",21.1041095890411
"64","Belgium",18,"FW","JANUZAJ Adnan",1995-02-05,"JANUZAJ","Real Sociedad",180,75,"ESP",23.3534246575342
"65","Belgium",19,"MF","DEMBELE Moussa",1987-07-16,"DEMBELE","Tottenham Hotspur FC",185,82,"ENG",30.9123287671233
"66","Belgium",20,"DF","BOYATA Dedryck",1990-11-28,"BOYATA","Celtic FC",188,84,"SCO",27.5424657534247
"67","Belgium",21,"FW","BATSHUAYI Michy",1993-10-02,"BATSHUAYI","Borussia Dortmund",185,78,"GER",24.6986301369863
"68","Belgium",22,"MF","CHADLI Nacer",1989-08-02,"CHADLI","West Bromwich Albion FC",187,85,"ENG",28.8657534246575
"69","Belgium",23,"DF","DENDONCKER Leander",1995-04-15,"DENDONCKER","RSC Anderlecht",188,76,"BEL",23.1643835616438
"70","Brazil",1,"GK","ALISSON",1992-10-02,"A. BECKER","AS Roma",193,91,"ITA",25.6986301369863
"71","Brazil",2,"DF","THIAGO SILVA",1984-09-22,"T. SILVA","Paris Saint-Germain FC",183,79,"FRA",33.7260273972603
"72","Brazil",3,"DF","MIRANDA",1984-09-07,"MIRANDA","FC Internazionale",186,78,"ITA",33.7671232876712
"73","Brazil",4,"DF","PEDRO GEROMEL",1985-09-21,"GEROMEL","Grêmio FBPA",190,84,"BRA",32.7287671232877
"74","Brazil",5,"MF","CASEMIRO",1992-02-23,"CASEMIRO","Real Madrid CF",185,84,"ESP",26.3041095890411
"75","Brazil",6,"DF","FILIPE LUIS",1985-08-09,"FILIPE LUIS","Atletico Madrid",182,73,"ESP",32.8465753424658
"76","Brazil",7,"FW","DOUGLAS COSTA",1990-09-14,"D. COSTA","Juventus FC",182,70,"ITA",27.7479452054795
"77","Brazil",8,"MF","RENATO AUGUSTO",1988-02-08,"R. AUGUSTO","Beijing Guoan",186,86,"CHN",30.3452054794521
"78","Brazil",9,"FW","GABRIEL JESUS",1997-04-03,"G. JESUS","Manchester City FC",175,73,"ENG",21.1972602739726
"79","Brazil",10,"FW","NEYMAR",1992-02-05,"NEYMAR JR","Paris Saint-Germain FC",175,68,"FRA",26.3534246575342
"80","Brazil",11,"MF","PHILIPPE COUTINHO",1992-06-12,"P. COUTINHO","FC Barcelona",172,68,"ESP",26.0054794520548
"81","Brazil",12,"DF","MARCELO",1988-05-12,"MARCELO","Real Madrid CF",174,80,"ESP",30.0904109589041
"82","Brazil",13,"DF","MARQUINHOS",1994-05-14,"MARQUINHOS","Paris Saint-Germain FC",183,75,"FRA",24.0849315068493
"83","Brazil",14,"DF","DANILO",1991-07-15,"DANILO","Manchester City FC",184,78,"ENG",26.9150684931507
"84","Brazil",15,"MF","PAULINHO",1988-07-25,"PAULINHO","FC Barcelona",181,81,"ESP",29.8876712328767
"85","Brazil",16,"GK","CASSIO",1987-06-06,"CASSIO","SC Corinthians",195,92,"BRA",31.0219178082192
"86","Brazil",17,"MF","FERNANDINHO",1985-05-04,"FERNANDINHO","Manchester City FC",179,67,"ENG",33.1123287671233
"87","Brazil",18,"MF","FRED",1993-03-05,"FRED","FC Shakhtar Donetsk",169,64,"UKR",25.2767123287671
"88","Brazil",19,"MF","WILLIAN",1988-08-09,"WILLIAN","Chelsea FC",175,77,"ENG",29.8465753424658
"89","Brazil",20,"FW","ROBERTO FIRMINO",1991-10-02,"FIRMINO","Liverpool FC",181,76,"ENG",26.6986301369863
"90","Brazil",21,"FW","TAISON",1988-01-13,"TAISON","FC Shakhtar Donetsk",172,64,"UKR",30.4164383561644
"91","Brazil",22,"DF","FAGNER",1989-06-11,"FAGNER","SC Corinthians",168,67,"BRA",29.0082191780822
"92","Brazil",23,"GK","EDERSON",1993-08-17,"EDERSON","Manchester City FC",188,86,"ENG",24.8246575342466
"93","Colombia",1,"GK","OSPINA David",1988-08-31,"OSPINA","Arsenal FC",183,80,"ENG",29.786301369863
"94","Colombia",2,"DF","ZAPATA Cristian",1986-09-30,"C. ZAPATA","AC Milan",187,82,"ITA",31.7041095890411
"95","Colombia",3,"DF","MURILLO Oscar",1988-04-18,"O. MURILLO","CF Pachuca",184,80,"MEX",30.1561643835616
"96","Colombia",4,"DF","ARIAS Santiago",1992-01-13,"ARIAS","PSV Eindhoven",177,71,"NED",26.4164383561644
"97","Colombia",5,"MF","BARRIOS  Wilmar",1993-10-16,"BARRIOS","CA Boca Juniors",178,74,"ARG",24.6602739726027
"98","Colombia",6,"MF","SANCHEZ Carlos",1986-02-06,"C. SANCHEZ","RCD Espanyol",182,82,"ESP",32.3506849315068
"99","Colombia",7,"FW","BACCA Carlos",1986-09-08,"BACCA","Villarreal CF",181,77,"ESP",31.7643835616438
"100","Colombia",8,"MF","AGUILAR Abel",1985-01-06,"AGUILAR T.","AC Deportivo Cali",185,82,"COL",33.4356164383562
"101","Colombia",9,"FW","FALCAO Radamel",1986-02-10,"FALCAO","AS Monaco",177,72,"FRA",32.3397260273973
"102","Colombia",10,"MF","RODRIGUEZ James",1991-07-12,"JAMES","FC Bayern München",180,75,"GER",26.9232876712329
"103","Colombia",11,"MF","CUADRADO Juan",1988-05-26,"CUADRADO","Juventus FC",179,72,"ITA",30.0520547945205
"104","Colombia",12,"GK","VARGAS Camilo",1989-03-09,"C. VARGAS","AC Deportivo Cali",185,80,"COL",29.2657534246575
"105","Colombia",13,"DF","MINA Yerry",1994-09-23,"Y. MINA","FC Barcelona",194,95,"ESP",23.7232876712329
"106","Colombia",14,"FW","MURIEL Luis",1991-04-16,"L. MURIEL","Sevilla FC",178,79,"ESP",27.1616438356164
"107","Colombia",15,"MF","URIBE Mateus",1991-03-21,"M. URIBE","Club América",182,71,"MEX",27.2328767123288
"108","Colombia",16,"MF","LERMA Jefferson",1994-10-25,"J. LERMA","Levante UD",179,70,"ESP",23.6356164383562
"109","Colombia",17,"DF","MOJICA Johan",1992-08-21,"J. MOJICA","Girona FC",185,66,"ESP",25.813698630137
"110","Colombia",18,"DF","FABRA Frank",1991-02-22,"FABRA","CA Boca Juniors",172,72,"ARG",27.3068493150685
"111","Colombia",19,"FW","BORJA Miguel",1993-01-26,"M. BORJA","SE Palmeiras",183,74,"BRA",25.3808219178082
"112","Colombia",20,"MF","QUINTERO Juan",1993-01-18,"J. QUINTERO","CA River Plate",169,64,"ARG",25.4027397260274
"113","Colombia",21,"FW","IZQUIERDO Jose",1992-07-07,"IZQUIERDO","Brighton & Hove Albion FC",171,73,"ENG",25.9369863013699
"114","Colombia",22,"GK","CUADRADO Jose",1985-06-01,"J.F. CUADRADO","CD Once Caldas",180,80,"COL",33.0356164383562
"115","Colombia",23,"DF","SANCHEZ Davinson",1996-06-12,"D. SANCHEZ","Tottenham Hotspur FC",187,81,"ENG",22.0054794520548
"116","Costa Rica",1,"GK","NAVAS Keylor",1986-12-15,"K. NAVAS","Real Madrid CF",185,80,"ESP",31.4958904109589
"117","Costa Rica",2,"DF","ACOSTA Johnny",1983-07-21,"J. ACOSTA","Rionegro Águilas",176,75,"COL",34.8986301369863
"118","Costa Rica",3,"DF","GONZALEZ Giancarlo",1988-02-08,"G. GONZALEZ","Bologna FC",186,78,"ITA",30.3452054794521
"119","Costa Rica",4,"DF","SMITH Ian",1998-03-06,"I. SMITH","IFK Norrkoping FK",177,68,"SWE",20.2739726027397
"120","Costa Rica",5,"MF","BORGES Celso",1988-05-27,"C. BORGES","Deportivo La Coruña",187,79,"ESP",30.0493150684932
"121","Costa Rica",6,"DF","DUARTE Oscar",1989-06-03,"O. DUARTE","RCD Espanyol",186,81,"ESP",29.0301369863014
"122","Costa Rica",7,"MF","BOLANOS Christian",1984-05-17,"C. BOLAÑOS","Deportivo Saprissa",178,67,"CRC",34.0767123287671
"123","Costa Rica",8,"DF","OVIEDO Bryan",1990-02-18,"B. OVIEDO","Sunderland AFC",172,70,"ENG",28.3178082191781
"124","Costa Rica",9,"MF","COLINDRES Daniel",1985-01-10,"D. COLINDRES","Deportivo Saprissa",180,75,"CRC",33.4246575342466
"125","Costa Rica",10,"MF","RUIZ Bryan",1985-08-18,"BRYAN","Sporting CP",187,73,"POR",32.8219178082192
"126","Costa Rica",11,"FW","VENEGAS Johan",1988-11-27,"J. VENEGAS","Deportivo Saprissa",183,76,"CRC",29.5452054794521
"127","Costa Rica",12,"FW","CAMPBELL Joel",1992-06-26,"J. CAMPBELL","Real Betis",178,71,"ESP",25.9671232876712
"128","Costa Rica",13,"MF","WALLACE Rodney",1988-06-17,"R. WALLACE","New York City FC",180,70,"USA",29.9917808219178
"129","Costa Rica",14,"MF","AZOFEIFA Randall",1984-12-30,"R. AZOFEIFA","CS Herediano",182,83,"CRC",33.4547945205479
"130","Costa Rica",15,"DF","CALVO Francisco",1992-07-08,"F. CALVO","Minnesota United FC",180,78,"USA",25.9342465753425
"131","Costa Rica",16,"DF","GAMBOA Cristian",1989-10-24,"C. GAMBOA","Celtic FC",175,67,"SCO",28.6383561643836
"132","Costa Rica",17,"MF","TEJEDA Yeltsin",1992-03-17,"Y. TEJEDA","FC Lausanne-Sport",179,67,"SUI",26.2438356164384
"133","Costa Rica",18,"GK","PEMBERTON Patrick",1982-04-24,"P. PEMBERTON","LD Alajuelense",178,72,"CRC",36.1397260273973
"134","Costa Rica",19,"DF","WASTON Kendall",1988-01-01,"K. WASTON","Vancouver Whitecaps FC",196,87,"CAN",30.4493150684931
"135","Costa Rica",20,"MF","GUZMAN David",1990-02-18,"D. GUZMAN","Portland Timbers",176,78,"USA",28.3178082191781
"136","Costa Rica",21,"FW","URENA Marcos",1990-03-05,"M. UREÑA","Los Angeles FC",181,70,"USA",28.2767123287671
"137","Costa Rica",22,"DF","MATARRITA Ronald",1994-07-09,"R. MATARRITA","New York City FC",175,70,"USA",23.9315068493151
"138","Costa Rica",23,"GK","MOREIRA Leonel",1990-04-02,"L. MOREIRA","CS Herediano",179,70,"CRC",28.2
"139","Croatia",1,"GK","LIVAKOVIC Dominik",1995-01-09,"LIVAKOVIĆ","GNK Dinamo Zagreb",188,82,"CRO",23.427397260274
"140","Croatia",2,"DF","VRSALJKO Sime",1992-01-10,"VRSALJKO","Atletico Madrid",181,76,"ESP",26.4246575342466
"141","Croatia",3,"DF","STRINIC Ivan",1987-07-17,"STRINIĆ","UC Sampdoria",186,78,"ITA",30.9095890410959
"142","Croatia",4,"FW","PERISIC Ivan",1989-02-02,"PERIŠIĆ","FC Internazionale",186,81,"ITA",29.3616438356164
"143","Croatia",5,"DF","CORLUKA Vedran",1986-02-05,"ĆORLUKA","FC Lokomotiv Moscow",192,84,"RUS",32.3534246575342
"144","Croatia",6,"DF","LOVREN Dejan",1989-07-05,"LOVREN","Liverpool FC",188,84,"ENG",28.9424657534247
"145","Croatia",7,"MF","RAKITIC Ivan",1988-03-10,"RAKITIĆ","FC Barcelona",184,78,"ESP",30.2630136986301
"146","Croatia",8,"MF","KOVACIC Mateo",1994-05-06,"KOVAČIĆ","Real Madrid CF",178,78,"ESP",24.1068493150685
"147","Croatia",9,"FW","KRAMARIC Andrej",1991-06-19,"KRAMARIĆ","TSG 1899 Hoffenheim",177,73,"GER",26.986301369863
"148","Croatia",10,"MF","MODRIC Luka",1985-09-09,"MODRIĆ","Real Madrid CF",172,66,"ESP",32.7616438356164
"149","Croatia",11,"MF","BROZOVIC Marcelo",1992-11-16,"BROZOVIĆ","FC Internazionale",181,68,"ITA",25.5753424657534
"150","Croatia",12,"GK","KALINIC Lovre",1990-04-03,"L. KALINIĆ","KAA Gent",201,96,"BEL",28.1972602739726
"151","Croatia",13,"DF","JEDVAJ Tin",1995-11-28,"JEDVAJ","Bayer 04 Leverkusen",184,81,"GER",22.5424657534247
"152","Croatia",14,"MF","BRADARIC Filip",1992-01-11,"BRADARIĆ","HNK Rijeka",186,78,"CRO",26.4219178082192
"153","Croatia",15,"DF","CALETA-CAR Duje",1996-09-17,"ĆALETA-CAR","FC Red Bull Salzburg",192,89,"AUT",21.7397260273973
"154","Croatia",16,"FW","KALINIC Nikola",1988-01-05,"N. KALINIĆ","AC Milan",187,81,"ITA",30.4383561643836
"155","Croatia",17,"FW","MANDZUKIC Mario",1986-05-21,"MANDŽUKIĆ","Juventus FC",190,85,"ITA",32.0657534246575
"156","Croatia",18,"FW","REBIC Ante",1993-09-21,"REBIĆ","Eintracht Frankfurt",185,78,"GER",24.7287671232877
"157","Croatia",19,"MF","BADELJ Milan",1989-02-25,"BADELJ","ACF Fiorentina",186,76,"ITA",29.2986301369863
"158","Croatia",20,"FW","PJACA Marko",1995-05-06,"PJACA","FC Schalke 04",186,83,"GER",23.1068493150685
"159","Croatia",21,"DF","VIDA Domagoj",1989-04-29,"VIDA","Besiktas JK",184,76,"TUR",29.1260273972603
"160","Croatia",22,"DF","PIVARIC Josip",1989-01-30,"PIVARIĆ","FC Dynamo Kyiv",176,69,"UKR",29.3698630136986
"161","Croatia",23,"GK","SUBASIC Danijel",1984-10-27,"SUBAŠIĆ","AS Monaco",191,84,"FRA",33.6301369863014
"162","Denmark",1,"GK","SCHMEICHEL Kasper",1986-11-05,"SCHMEICHEL","Leicester City FC",190,92,"ENG",31.6054794520548
"163","Denmark",2,"MF","KROHN-DEHLI Michael",1983-06-06,"KROHN-DEHLI","Deportivo La Coruña",171,69,"ESP",35.0219178082192
"164","Denmark",3,"DF","VESTERGAARD Jannik",1992-08-03,"VESTERGAARD","VfL Borussia Mönchengladbach",200,98,"GER",25.8630136986301
"165","Denmark",4,"DF","KJAER Simon",1989-03-26,"KJÆR","Sevilla FC",191,84,"ESP",29.2191780821918
"166","Denmark",5,"DF","KNUDSEN Jonas",1992-09-16,"KNUDSEN","Ipswich Town FC",187,82,"ENG",25.7424657534247
"167","Denmark",6,"DF","CHRISTENSEN Andreas",1996-04-10,"CHRISTENSEN","Chelsea FC",192,85,"ENG",22.1780821917808
"168","Denmark",7,"MF","KVIST William",1985-02-24,"KVIST","FC Kobenhavn",185,80,"DEN",33.3013698630137
"169","Denmark",8,"MF","DELANEY Thomas",1991-09-03,"DELANEY","SV Werder Bremen",180,78,"GER",26.7780821917808
"170","Denmark",9,"FW","JORGENSEN Nicolai",1991-01-15,"N. JØRGENSEN","Feyenoord Rotterdam",194,86,"NED",27.4109589041096
"171","Denmark",10,"MF","ERIKSEN Christian",1992-02-14,"ERIKSEN","Tottenham Hotspur FC",181,76,"ENG",26.3287671232877
"172","Denmark",11,"FW","BRAITHWAITE Martin",1991-06-05,"BRAITHWAITE","FC Girondins Bordeaux",180,73,"FRA",27.0246575342466
"173","Denmark",12,"FW","DOLBERG Kasper",1997-10-06,"DOLBERG","AFC Ajax",187,85,"NED",20.6876712328767
"174","Denmark",13,"DF","JORGENSEN Mathias",1990-04-23,"M. JØRGENSEN","Huddersfield Town FC",191,85,"ENG",28.1424657534247
"175","Denmark",14,"DF","DALSGAARD Henrik",1989-07-27,"DALSGAARD","Brentford FC",190,81,"ENG",28.8821917808219
"176","Denmark",15,"FW","FISCHER Viktor",1994-06-09,"FISCHER","FC Kobenhavn",181,80,"DEN",24.013698630137
"177","Denmark",16,"GK","LOSSL Jonas",1989-02-01,"LÖSSL","Huddersfield Town FC",195,90,"ENG",29.3643835616438
"178","Denmark",17,"DF","STRYGER LARSEN Jens",1991-02-21,"STRYGER","Udinese Calcio",182,82,"ITA",27.3095890410959
"179","Denmark",18,"MF","LERAGER Lukas",1993-07-12,"LERAGER","FC Girondins Bordeaux",186,85,"FRA",24.9232876712329
"180","Denmark",19,"MF","SCHONE Lasse",1986-05-27,"SCHÖNE","AFC Ajax",178,80,"NED",32.0493150684932
"181","Denmark",20,"FW","POULSEN Yussuf Yurary",1994-06-15,"YURARY","RB Leipzig",193,84,"GER",23.9972602739726
"182","Denmark",21,"FW","CORNELIUS Andreas",1993-03-16,"CORNELIUS","Atalanta Bergamo",195,91,"ITA",25.2465753424658
"183","Denmark",22,"GK","RONNOW Frederik",1992-08-04,"RØNNOW","Brondby IF",190,85,"DEN",25.8602739726027
"184","Denmark",23,"FW","SISTO Pione",1995-02-04,"SISTO","Celta Vigo",173,69,"ESP",23.3561643835616
"185","Egypt",1,"GK","ESSAM EL HADARY",1973-01-15,"ELHADARY","Al Taawoun FC",190,90,"KSA",45.4109589041096
"186","Egypt",2,"DF","ALI GABR",1989-01-01,"ALI GABR","West Bromwich Albion FC",191,88,"ENG",29.4493150684931
"187","Egypt",3,"DF","AHMED ELMOHAMADY",1987-09-09,"ELMOHAMADY","Aston Villa FC",183,76,"ENG",30.7616438356164
"188","Egypt",4,"MF","OMAR GABER",1992-01-30,"O. GABER","Los Angeles FC",175,71,"USA",26.3698630136986
"189","Egypt",5,"MF","SAM MORSY",1991-09-10,"MORSY","Wigan Athletic FC",173,75,"ENG",26.758904109589
"190","Egypt",6,"DF","AHMED HEGAZY",1991-01-25,"A. HEGAZY","West Bromwich Albion FC",194,95,"ENG",27.3835616438356
"191","Egypt",7,"DF","AHMED FATHI",1984-11-10,"A. FATHI","Al Ahly SC",176,76,"EGY",33.5917808219178
"192","Egypt",8,"MF","TAREK HAMED",1988-10-24,"TAREK HAMED","Zamalek",169,67,"EGY",29.6383561643836
"193","Egypt",9,"FW","MARWAN MOHSEN",1989-02-26,"MARWAN","Al Ahly SC",185,81,"EGY",29.2958904109589
"194","Egypt",10,"FW","MOHAMED SALAH",1992-06-15,"M SALAH","Liverpool FC",175,71,"ENG",25.9972602739726
"195","Egypt",11,"FW","KAHRABA",1994-04-13,"M. KAHRABA","Al-Ittihad FC",182,76,"KSA",24.1698630136986
"196","Egypt",12,"DF","AYMAN ASHRAF",1991-04-09,"A. ASHRAF","Al Ahly SC",176,73,"EGY",27.1808219178082
"197","Egypt",13,"DF","MOHAMED ABDELSHAFY",1985-07-01,"ABDELSHAFY","Al Fateh FC",171,72,"KSA",32.9534246575342
"198","Egypt",14,"FW","RAMADAN SOBHY",1997-01-23,"RAMADAN","Stoke City FC",183,77,"ENG",21.3890410958904
"199","Egypt",15,"DF","MAHMOUD HAMDY",1995-06-01,"M. HAMDY","Zamalek",173,72,"EGY",23.0356164383562
"200","Egypt",16,"GK","SHERIF EKRAMY",1983-07-10,"EKRAMY","Al Ahly SC",193,93,"EGY",34.9287671232877
"201","Egypt",17,"MF","MOHAMED ELNENY",1992-07-11,"M. ELNENY","Arsenal FC",181,74,"ENG",25.9260273972603
"202","Egypt",18,"FW","SHIKABALA",1986-03-05,"SHIKABALA","Al Raed SC",183,80,"KSA",32.2767123287671
"203","Egypt",19,"MF","ABDALLA SAID",1985-07-13,"ABDALLA","Kuopion PS",176,75,"FIN",32.9205479452055
"204","Egypt",20,"DF","SAMIR SAAD",1989-04-01,"S. SAMIR","Al Ahly SC",183,82,"EGY",29.2027397260274
"205","Egypt",21,"MF","TREZEGUET",1994-10-01,"M. TREZEGUET","Kasimpasa SK",181,77,"TUR",23.7013698630137
"206","Egypt",22,"FW","AMR WARDA",1993-09-17,"WARDA","Atromitos FC",179,77,"GRE",24.7397260273973
"207","Egypt",23,"GK","MOHAMED ELSHENAWY",1988-12-18,"M. ELSHENAWY","Al Ahly SC",191,86,"EGY",29.4876712328767
"208","England",1,"GK","PICKFORD Jordan",1994-03-07,"PICKFORD","Everton FC",185,72,"ENG",24.2712328767123
"209","England",2,"DF","WALKER Kyle",1990-05-28,"WALKER","Manchester City FC",178,83,"ENG",28.0465753424658
"210","England",3,"DF","ROSE Danny",1990-07-02,"ROSE","Tottenham Hotspur FC",173,76,"ENG",27.9506849315068
"211","England",4,"MF","DIER Eric",1994-01-15,"DIER","Tottenham Hotspur FC",188,90,"ENG",24.4109589041096
"212","England",5,"DF","STONES John",1994-05-28,"STONES","Manchester City FC",188,72,"ENG",24.0465753424658
"213","England",6,"DF","MAGUIRE Harry",1993-03-05,"MAGUIRE","Leicester City FC",193,98,"ENG",25.2767123287671
"214","England",7,"MF","LINGARD Jesse",1992-12-15,"LINGARD","Manchester United FC",175,60,"ENG",25.4958904109589
"215","England",8,"MF","HENDERSON Jordan",1990-06-17,"HENDERSON","Liverpool FC",183,82,"ENG",27.9917808219178
"216","England",9,"FW","KANE Harry",1993-07-28,"KANE","Tottenham Hotspur FC",188,98,"ENG",24.8794520547945
"217","England",10,"FW","STERLING Raheem",1994-12-08,"STERLING","Manchester City FC",170,70,"ENG",23.5150684931507
"218","England",11,"FW","VARDY Jamie",1987-01-11,"VARDY","Leicester City FC",178,80,"ENG",31.4219178082192
"219","England",12,"DF","TRIPPIER Kieran",1990-09-19,"TRIPPIER","Tottenham Hotspur FC",178,72,"ENG",27.7342465753425
"220","England",13,"GK","BUTLAND Jack",1993-03-10,"BUTLAND","Stoke City FC",196,96,"ENG",25.2630136986301
"221","England",14,"FW","WELBECK Danny",1990-11-26,"WELBECK","Arsenal FC",184,78,"ENG",27.5479452054795
"222","England",15,"DF","CAHILL Gary",1985-12-19,"CAHILL","Chelsea FC",191,85,"ENG",32.4849315068493
"223","England",16,"DF","JONES Phil",1992-02-21,"JONES","Manchester United FC",182,72,"ENG",26.3095890410959
"224","England",17,"DF","DELPH Fabian",1989-11-21,"DELPH","Manchester City FC",174,78,"ENG",28.5616438356164
"225","England",18,"DF","YOUNG Ashley",1985-07-09,"YOUNG","Manchester United FC",175,78,"ENG",32.9315068493151
"226","England",19,"FW","RASHFORD Marcus",1997-10-31,"RASHFORD","Manchester United FC",180,78,"ENG",20.6191780821918
"227","England",20,"MF","ALLI Dele",1996-04-11,"DELE","Tottenham Hotspur FC",188,76,"ENG",22.1753424657534
"228","England",21,"MF","LOFTUS-CHEEK Ruben",1996-01-23,"LOFTUS-CHEEK","Chelsea FC",190,73,"ENG",22.3890410958904
"229","England",22,"DF","ALEXANDER-ARNOLD Trent",1998-10-07,"ALEXANDER-ARNOLD","Liverpool FC",175,70,"ENG",19.6849315068493
"230","England",23,"GK","POPE Nick",1992-04-19,"POPE","Burnley FC",191,76,"ENG",26.1534246575342
"231","France",1,"GK","LLORIS Hugo",1986-12-26,"LLORIS","Tottenham Hotspur FC",188,82,"ENG",31.4657534246575
"232","France",2,"DF","PAVARD Benjamin",1996-03-28,"PAVARD","VfB Stuttgart",186,76,"GER",22.213698630137
"233","France",3,"DF","KIMPEMBE Presnel",1995-08-13,"KIMPEMBE","Paris Saint-Germain FC",182,78,"FRA",22.8356164383562
"234","France",4,"DF","VARANE Raphael",1993-04-25,"VARANE","Real Madrid CF",191,79,"ESP",25.1369863013699
"235","France",5,"DF","UMTITI Samuel",1993-11-14,"UMTITI","FC Barcelona",183,84,"ESP",24.5808219178082
"236","France",6,"MF","POGBA Paul",1993-03-15,"POGBA","Manchester United FC",191,86,"ENG",25.2493150684931
"237","France",7,"FW","GRIEZMANN Antoine",1991-03-21,"GRIEZMANN","Atletico Madrid",174,72,"ESP",27.2328767123288
"238","France",8,"FW","LEMAR Thomas",1995-11-12,"LEMAR","AS Monaco",172,65,"FRA",22.586301369863
"239","France",9,"FW","GIROUD Olivier",1986-09-30,"GIROUD","Chelsea FC",193,91,"ENG",31.7041095890411
"240","France",10,"FW","MBAPPE Kylian",1998-12-20,"MBAPPE","Paris Saint-Germain FC",178,78,"FRA",19.4821917808219
"241","France",11,"FW","DEMBELE Ousmane",1997-05-15,"DEMBELE","FC Barcelona",178,70,"ESP",21.0821917808219
"242","France",12,"MF","TOLISSO Corentin",1994-08-03,"TOLISSO","FC Bayern München",180,82,"GER",23.8630136986301
"243","France",13,"MF","KANTE Ngolo",1991-03-29,"KANTE","Chelsea FC",168,70,"ENG",27.2109589041096
"244","France",14,"MF","MATUIDI Blaise",1987-04-09,"MATUIDI","Juventus FC",180,74,"ITA",31.1808219178082
"245","France",15,"MF","NZONZI Steven",1988-12-15,"NZONZI","Sevilla FC",197,87,"ESP",29.4958904109589
"246","France",16,"GK","MANDANDA Steve",1985-03-28,"MANDANDA","Olympique Marseille",187,88,"FRA",33.213698630137
"247","France",17,"DF","RAMI Adil",1985-12-27,"RAMI","Olympique Marseille",190,90,"FRA",32.4630136986301
"248","France",18,"FW","FEKIR Nabil",1993-07-18,"FEKIR","Olympique Lyon",173,76,"FRA",24.9068493150685
"249","France",19,"DF","SIDIBE Djibril",1992-07-29,"SIDIBE","AS Monaco",184,81,"FRA",25.8767123287671
"250","France",20,"FW","THAUVIN Florian",1993-01-26,"THAUVIN","Olympique Marseille",180,76,"FRA",25.3808219178082
"251","France",21,"DF","HERNANDEZ Lucas",1996-02-14,"HERNANDEZ","Atletico Madrid",183,76,"ESP",22.3287671232877
"252","France",22,"DF","MENDY Benjamin",1994-07-17,"MENDY","Manchester City FC",183,84,"ENG",23.9095890410959
"253","France",23,"GK","AREOLA Alphonse",1993-02-27,"AREOLA","Paris Saint-Germain FC",195,95,"FRA",25.2931506849315
"254","Germany",1,"GK","NEUER Manuel",1986-03-27,"NEUER","FC Bayern München",193,93,"GER",32.2164383561644
"255","Germany",2,"DF","PLATTENHARDT Marvin",1992-01-26,"PLATTENHARDT","Hertha BSC",181,76,"GER",26.3808219178082
"256","Germany",3,"DF","HECTOR Jonas",1990-05-27,"HECTOR","1. FC Köln",185,75,"GER",28.0493150684932
"257","Germany",4,"DF","GINTER Matthias",1994-01-19,"GINTER","VfL Borussia Mönchengladbach",189,85,"GER",24.4
"258","Germany",5,"DF","HUMMELS Mats",1988-12-16,"HUMMELS","FC Bayern München",192,90,"GER",29.4931506849315
"259","Germany",6,"MF","KHEDIRA Sami",1987-04-04,"KHEDIRA","Juventus FC",189,81,"ITA",31.1945205479452
"260","Germany",7,"MF","DRAXLER Julian",1993-09-20,"DRAXLER","Paris Saint-Germain FC",185,74,"FRA",24.7315068493151
"261","Germany",8,"MF","KROOS Toni",1990-01-04,"KROOS","Real Madrid CF",182,78,"ESP",28.441095890411
"262","Germany",9,"FW","WERNER Timo",1996-03-06,"WERNER","RB Leipzig",181,75,"GER",22.2739726027397
"263","Germany",10,"MF","OEZIL Mesut",1988-10-15,"ÖZIL","Arsenal FC",180,70,"ENG",29.6630136986301
"264","Germany",11,"FW","REUS Marco",1989-05-31,"REUS","Borussia Dortmund",180,67,"GER",29.0383561643836
"265","Germany",12,"GK","TRAPP Kevin",1990-07-08,"TRAPP","Paris Saint-Germain FC",189,88,"FRA",27.9342465753425
"266","Germany",13,"MF","MUELLER Thomas",1989-09-13,"MÜLLER","FC Bayern München",186,75,"GER",28.7506849315069
"267","Germany",14,"MF","GORETZKA Leon",1995-02-06,"GORETZKA","FC Schalke 04",189,76,"GER",23.3506849315068
"268","Germany",15,"DF","SUELE Niklas",1995-09-03,"SÜLE","FC Bayern München",195,89,"GER",22.7780821917808
"269","Germany",16,"DF","RUEDIGER Antonio",1993-03-03,"RÜDIGER","Chelsea FC",191,85,"ENG",25.2821917808219
"270","Germany",17,"DF","BOATENG Jerome",1988-09-03,"BOATENG","FC Bayern München",192,90,"GER",29.7780821917808
"271","Germany",18,"DF","KIMMICH Joshua",1995-02-08,"KIMMICH","FC Bayern München",176,72,"GER",23.3452054794521
"272","Germany",19,"MF","RUDY Sebastian",1990-02-28,"RUDY","FC Bayern München",179,74,"GER",28.2904109589041
"273","Germany",20,"MF","BRANDT Julian",1996-05-02,"BRANDT","Bayer 04 Leverkusen",183,82,"GER",22.1178082191781
"274","Germany",21,"MF","GUENDOGAN Ilkay",1990-10-24,"GÜNDOGAN","Manchester City FC",180,79,"ENG",27.6383561643836
"275","Germany",22,"GK","TER STEGEN Marc-Andre",1992-04-30,"TER STEGEN","FC Barcelona",187,85,"ESP",26.1232876712329
"276","Germany",23,"FW","GOMEZ Mario",1985-07-10,"GOMEZ","VfB Stuttgart",189,82,"GER",32.9287671232877
"277","Iceland",1,"GK","HALLDORSSON Hannes",1984-04-27,"HALLDORSSON","Randers FC",193,88,"DEN",34.1315068493151
"278","Iceland",2,"DF","SAEVARSSON Birkir",1984-11-11,"SÆVARSSON","Valur Reykjavik",186,75,"ISL",33.5890410958904
"279","Iceland",3,"MF","FRIDJONSSON Samuel",1996-02-22,"FRIDJÓNSSON","Valerenga IF",185,78,"NOR",22.3068493150685
"280","Iceland",4,"MF","GUDMUNDSSON Albert",1997-06-15,"A. GUDMUNDSSON","PSV Eindhoven",177,80,"NED",20.9972602739726
"281","Iceland",5,"DF","INGASON Sverrir",1993-08-05,"INGASON","FC Rostov",188,80,"RUS",24.8575342465753
"282","Iceland",6,"DF","SIGURDSSON Ragnar",1986-06-19,"R. SIGURDSSON","FC Rostov",187,86,"RUS",31.986301369863
"283","Iceland",7,"MF","GUDMUNDSSON Johann",1990-10-27,"J. GUDMUNDSSON","Burnley FC",179,77,"ENG",27.6301369863014
"284","Iceland",8,"MF","BJARNASON Birkir",1988-05-27,"B. BJARNASON","Aston Villa FC",183,77,"ENG",30.0493150684932
"285","Iceland",9,"FW","SIGURDARSON Bjorn",1991-02-26,"SIGURDARSON","FC Rostov",187,85,"RUS",27.2958904109589
"286","Iceland",10,"MF","SIGURDSSON Gylfi",1989-09-08,"G. SIGURDSSON","Everton FC",186,82,"ENG",28.7643835616438
"287","Iceland",11,"FW","FINNBOGASON Alfred",1989-02-01,"FINNBOGASON","FC Augsburg",185,79,"GER",29.3643835616438
"288","Iceland",12,"GK","SCHRAM Frederik",1995-01-19,"SCHRAM","Roskilde BK",198,92,"DEN",23.4
"289","Iceland",13,"GK","RUNARSSON Runar",1995-02-18,"RÚNARSSON","FC Nordsjaelland",186,76,"DEN",23.3178082191781
"290","Iceland",14,"DF","ARNASON Kari",1982-10-13,"ARNASON","Aberdeen FC",191,82,"SCO",35.6684931506849
"291","Iceland",15,"DF","EYJOLFSSON Holmar",1990-08-06,"EYJÓLFSSON","Levski Sofia",188,81,"BUL",27.8547945205479
"292","Iceland",16,"MF","SKULASON Olafur",1983-04-01,"Ó. SKÚLASON","Karabukspor",184,79,"TUR",35.2027397260274
"293","Iceland",17,"MF","GUNNARSSON Aron",1989-04-22,"GUNNARSSON","Cardiff City FC",181,86,"WAL",29.1452054794521
"294","Iceland",18,"DF","MAGNUSSON Hordur",1993-02-11,"MAGNÚSSON","Bristol City FC",191,85,"ENG",25.3369863013699
"295","Iceland",19,"MF","GISLASON Rurik",1988-02-25,"GISLASON","SV Sandhausen",184,78,"GER",30.2986301369863
"296","Iceland",20,"MF","HALLFREDSSON Emil",1984-06-29,"HALLFREDSSON","Udinese Calcio",186,86,"ITA",33.958904109589
"297","Iceland",21,"MF","TRAUSTASON Arnor",1993-04-30,"TRAUSTASON","Malmö FF",183,73,"SWE",25.1232876712329
"298","Iceland",22,"FW","BODVARSSON Jon",1992-05-25,"BÖDVARSSON","Reading FC",189,89,"ENG",26.0547945205479
"299","Iceland",23,"DF","SKULASON Ari",1987-05-14,"A. SKÚLASON","KSC Lokeren",170,63,"BEL",31.0849315068493
"300","Iran",1,"GK","BEIRANVAND Ali",1992-09-21,"A. BEIRANVAND","Persepolis FC",194,85,"IRN",25.7287671232877
"301","Iran",2,"MF","TORABI Mehdi",1994-09-10,"M. TORABI","Saipa Alborz FC",185,71,"IRN",23.758904109589
"302","Iran",3,"DF","HAJI SAFI Ehsan",1990-02-25,"HAJI SAFI","Olympiacos Piraeus FC",178,75,"GRE",28.2986301369863
"303","Iran",4,"DF","CHESHMI Roozbeh",1993-07-24,"R. CHESHMI","Esteghlal Tehran FC",192,80,"IRN",24.8904109589041
"304","Iran",5,"DF","MOHAMMADI Milad",1993-09-29,"M. MOHAMMADI","FC Akhmat Grozny",178,69,"RUS",24.7068493150685
"305","Iran",6,"MF","EZATOLAHI Saeid",1996-10-01,"S. EZATOLAHI","FK Amkar Perm",190,82,"RUS",21.7013698630137
"306","Iran",7,"MF","SHOJAEI Masoud",1984-06-09,"SHOJAEI M.","AEK Athens",187,79,"GRE",34.013698630137
"307","Iran",8,"DF","POURALIGANJI Morteza",1992-04-19,"M. POURALIGANJI","Al Sadd SC",187,83,"QAT",26.1534246575342
"308","Iran",9,"MF","EBRAHIMI Omid",1987-09-16,"OMID","Esteghlal Tehran FC",178,75,"IRN",30.7424657534247
"309","Iran",10,"FW","ANSARIFARD Karim",1990-04-03,"KARIM","Olympiacos Piraeus FC",187,80,"GRE",28.1972602739726
"310","Iran",11,"MF","AMIRI Vahid",1988-04-02,"V. AMIRI","Persepolis FC",179,71,"IRN",30.2
"311","Iran",12,"GK","MAZAHERI Rashid",1989-05-18,"RASHID","Zob Ahan Isfahan FC",192,84,"IRN",29.0739726027397
"312","Iran",13,"DF","KHANZADEH Mohammad Reza",1991-05-11,"M.R. KHANZADEH","Padideh FC",186,80,"IRN",27.0931506849315
"313","Iran",14,"FW","GHODDOS  Saman",1993-09-06,"GHODDOS","IFK Östersund FK",177,79,"SWE",24.7698630136986
"314","Iran",15,"DF","MONTAZERI Pejman",1983-09-06,"P. MONTAZERI","Esteghlal Tehran FC",185,77,"IRN",34.7698630136986
"315","Iran",16,"FW","GHOOCHANNEJHAD Reza",1987-09-20,"REZA","SC Heerenveen",180,79,"NED",30.7315068493151
"316","Iran",17,"FW","TAREMI Mehdi",1992-07-18,"MEHDI","Al Gharafa SC",187,80,"QAT",25.9068493150685
"317","Iran",18,"FW","JAHANBAKHSH Alireza",1993-08-11,"A. JAHANBAKHSH","AZ Alkmaar",180,77,"NED",24.841095890411
"318","Iran",19,"DF","HOSSEINI Majid",1996-06-20,"M. HOSSEINI","Esteghlal Tehran FC",183,78,"IRN",21.9835616438356
"319","Iran",20,"FW","AZMOUN Sardar",1995-01-01,"SARDAR","FC Rubin Kazan",186,80,"RUS",23.4493150684931
"320","Iran",21,"FW","DEJAGAH Ashkan",1986-07-05,"DEJAGAH","Nottingham Forest FC",181,78,"ENG",31.9424657534247
"321","Iran",22,"GK","ABEDZADEH Amir",1993-04-26,"ABEDZADEH","CS Maritimo",186,80,"POR",25.1342465753425
"322","Iran",23,"DF","REZAEIAN Ramin",1990-03-21,"RAMIN","KV Oostende",185,75,"BEL",28.2328767123288
"323","Japan",1,"GK","KAWASHIMA Eiji",1983-03-20,"KAWASHIMA","FC Metz",185,74,"FRA",35.2356164383562
"324","Japan",2,"DF","UEDA Naomichi",1994-10-24,"UEDA","Kashima Antlers",186,79,"JPN",23.6383561643836
"325","Japan",3,"DF","SHOJI Gen",1992-12-11,"SHOJI","Kashima Antlers",182,74,"JPN",25.5068493150685
"326","Japan",4,"MF","HONDA Keisuke",1986-06-13,"HONDA","CF Pachuca",182,74,"MEX",32.0027397260274
"327","Japan",5,"DF","NAGATOMO Yuto",1986-09-12,"NAGATOMO","Galatasaray SK",170,68,"TUR",31.7534246575342
"328","Japan",6,"DF","ENDO Wataru",1993-02-09,"ENDO","Urawa Reds",178,75,"JPN",25.3424657534247
"329","Japan",7,"MF","SHIBASAKI Gaku",1992-05-28,"SHIBASAKI","Getafe CF",175,64,"ESP",26.0465753424658
"330","Japan",8,"MF","HARAGUCHI Genki",1991-05-09,"HARAGUCHI","Fortuna Düsseldorf",178,68,"GER",27.0986301369863
"331","Japan",9,"FW","OKAZAKI Shinji",1986-04-16,"OKAZAKI","Leicester City FC",174,70,"ENG",32.1616438356164
"332","Japan",10,"MF","KAGAWA Shinji",1989-03-17,"KAGAWA","Borussia Dortmund",175,68,"GER",29.2438356164384
"333","Japan",11,"MF","USAMI Takashi",1992-05-06,"USAMI","Fortuna Düsseldorf",178,72,"GER",26.1068493150685
"334","Japan",12,"GK","HIGASHIGUCHI Masaaki",1986-05-12,"HIGASHIGUCHI","Gamba Osaka",184,78,"JPN",32.0904109589041
"335","Japan",13,"FW","MUTO Yoshinori",1992-07-15,"MUTO","FSV Mainz 05",179,72,"GER",25.9150684931507
"336","Japan",14,"MF","INUI Takashi",1988-06-02,"INUI","SD Eibar",169,59,"ESP",30.0328767123288
"337","Japan",15,"FW","OSAKO Yuya",1990-05-18,"OSAKO","1. FC Köln",182,71,"GER",28.0739726027397
"338","Japan",16,"MF","YAMAGUCHI Hotaru",1990-10-06,"YAMAGUCHI","Cerezo Osaka",173,72,"JPN",27.6876712328767
"339","Japan",17,"MF","HASEBE Makoto",1984-01-18,"HASEBE","Eintracht Frankfurt",180,72,"GER",34.4027397260274
"340","Japan",18,"MF","OSHIMA Ryota",1993-01-23,"OHSHIMA","Kawasaki Frontale",168,64,"JPN",25.3890410958904
"341","Japan",19,"DF","SAKAI Hiroki",1990-04-12,"H. SAKAI","Olympique Marseille",183,70,"FRA",28.172602739726
"342","Japan",20,"DF","MAKINO Tomoaki",1987-05-11,"MAKINO","Urawa Reds",182,77,"JPN",31.0931506849315
"343","Japan",21,"DF","SAKAI Gotoku",1991-03-14,"G. SAKAI","Hamburger SV",176,74,"GER",27.2520547945205
"344","Japan",22,"DF","YOSHIDA Maya",1988-08-24,"YOSHIDA","Southampton FC",189,78,"ENG",29.8054794520548
"345","Japan",23,"GK","NAKAMURA Kosuke",1995-02-27,"NAKAMURA","Kashiwa Reysol",184,72,"JPN",23.2931506849315
"346","South Korea",1,"GK","KIM Seunggyu",1990-09-30,"S G KIM","Vissel Kobe",187,80,"JPN",27.7041095890411
"347","South Korea",2,"DF","LEE Yong",1986-12-24,"Y LEE","Jeonbuk Hyundai",180,74,"KOR",31.4712328767123
"348","South Korea",3,"DF","JUNG Seunghyun",1994-04-03,"S H JUNG","Sagan Tosu FC",188,74,"JPN",24.1972602739726
"349","South Korea",4,"DF","OH Bansuk",1988-05-20,"B S OH","Jeju United",189,79,"KOR",30.0684931506849
"350","South Korea",5,"DF","YUN Youngsun",1988-10-04,"Y S YUN","Seongnam FC",185,78,"KOR",29.6931506849315
"351","South Korea",6,"DF","PARK Jooho",1987-01-16,"J H PARK","Ulsan Hyundai FC",174,71,"KOR",31.4082191780822
"352","South Korea",7,"FW","SON Heungmin",1992-07-08,"H M SON","Tottenham Hotspur FC",183,76,"ENG",25.9342465753425
"353","South Korea",8,"MF","JU Sejong",1990-10-30,"S J JU","Asan Mugunghwa FC",176,70,"KOR",27.6219178082192
"354","South Korea",9,"FW","KIM Shinwook",1988-04-14,"S W KIM","Jeonbuk Hyundai",197,97,"KOR",30.1671232876712
"355","South Korea",10,"MF","LEE Seungwoo",1998-01-06,"S W LEE","Hellas Verona FC",170,63,"ITA",20.4356164383562
"356","South Korea",11,"FW","HWANG Heechan",1996-01-26,"H C HWANG","FC Red Bull Salzburg",177,77,"AUT",22.3808219178082
"357","South Korea",12,"DF","KIM Minwoo",1990-02-25,"M W KIM","Sangju Sangmu FC",172,69,"KOR",28.2986301369863
"358","South Korea",13,"MF","KOO Jacheol",1989-02-27,"J C KOO","FC Augsburg",182,73,"GER",29.2931506849315
"359","South Korea",14,"DF","HONG Chul",1990-09-17,"C HONG","Sangju Sangmu FC",176,67,"KOR",27.7397260273973
"360","South Korea",15,"MF","JUNG Wooyoung",1989-12-14,"W Y JUNG","Vissel Kobe",186,78,"JPN",28.4986301369863
"361","South Korea",16,"MF","KI Sungyueng",1989-01-24,"S Y KI","Swansea City AFC",186,75,"WAL",29.386301369863
"362","South Korea",17,"MF","LEE Jaesung",1992-08-10,"J S LEE","Jeonbuk Hyundai",180,70,"KOR",25.8438356164384
"363","South Korea",18,"MF","MOON Seonmin",1992-06-09,"S M MOON","Incheon United FC",172,68,"KOR",26.013698630137
"364","South Korea",19,"DF","KIM Younggwon",1990-02-27,"Y G KIM","Guangzhou Evergrande FC",184,74,"CHN",28.2931506849315
"365","South Korea",20,"DF","JANG Hyunsoo",1991-09-28,"H S JANG","FC Tokyo",187,77,"JPN",26.7095890410959
"366","South Korea",21,"GK","KIM Jinhyeon",1987-07-06,"J H KIM","Cerezo Osaka",193,82,"JPN",30.9397260273973
"367","South Korea",22,"DF","GO Yohan",1988-03-10,"Y H GO","FC Seoul",170,65,"KOR",30.2630136986301
"368","South Korea",23,"GK","JO Hyeonwoo",1991-09-25,"H W JO","Daegu FC",189,75,"KOR",26.7178082191781
"369","Mexico",1,"GK","CORONA Jose",1981-01-26,"J. CORONA","Cruz Azul",182,80,"MEX",37.3808219178082
"370","Mexico",2,"DF","AYALA Hugo",1987-03-31,"H. AYALA","Tigres UANL",188,82,"MEX",31.2054794520548
"371","Mexico",3,"DF","SALCEDO Carlos",1993-09-29,"C. SALCEDO","Eintracht Frankfurt",189,83,"GER",24.7068493150685
"372","Mexico",4,"DF","MARQUEZ Rafael",1979-02-13,"R. MÁRQUEZ","CF Atlas",184,77,"MEX",39.3315068493151
"373","Mexico",5,"DF","REYES Diego",1992-09-19,"D. REYES","FC Porto",190,77,"POR",25.7342465753425
"374","Mexico",6,"MF","DOS SANTOS Jonathan",1990-04-26,"J. DOS SANTOS","LA Galaxy",173,69,"USA",28.1342465753425
"375","Mexico",7,"MF","LAYUN Miguel",1988-06-25,"M. LAYÚN","Sevilla FC",180,72,"ESP",29.9698630136986
"376","Mexico",8,"FW","FABIAN Marco",1989-07-21,"M. FABIÁN","Eintracht Frankfurt",171,70,"GER",28.8986301369863
"377","Mexico",9,"FW","JIMENEZ Raul",1991-05-05,"RAÚL","SL Benfica",188,79,"POR",27.1095890410959
"378","Mexico",10,"MF","DOS SANTOS Giovani",1989-05-11,"G. DOS SANTOS","LA Galaxy",178,70,"USA",29.0931506849315
"379","Mexico",11,"FW","VELA Carlos",1989-03-01,"CARLOS V","Los Angeles FC",178,78,"USA",29.2876712328767
"380","Mexico",12,"GK","TALAVERA Alfredo",1982-09-18,"A. TALAVERA","Deportivo Toluca FC",188,84,"MEX",35.7369863013699
"381","Mexico",13,"GK","OCHOA Guillermo",1985-07-13,"G. OCHOA","Standard Liège",185,76,"BEL",32.9205479452055
"382","Mexico",14,"FW","HERNANDEZ Javier",1988-06-01,"J. HERNÁNDEZ","West Ham United FC",175,71,"ENG",30.0356164383562
"383","Mexico",15,"DF","MORENO Hector",1988-01-17,"H. MORENO","Real Sociedad",182,82,"ESP",30.4054794520548
"384","Mexico",16,"DF","HERRERA Hector",1990-04-19,"H. HERRERA","FC Porto",180,79,"POR",28.1534246575342
"385","Mexico",17,"MF","CORONA Jesus",1993-01-06,"JESÚS C.","FC Porto",174,69,"POR",25.4356164383562
"386","Mexico",18,"MF","GUARDADO Andres",1986-09-28,"A. GUARDADO","Real Betis",167,63,"ESP",31.7095890410959
"387","Mexico",19,"FW","PERALTA Oribe",1984-01-12,"O. PERALTA","Club América",178,72,"MEX",34.4191780821918
"388","Mexico",20,"MF","AQUINO Javier",1990-02-11,"J. AQUINO","Tigres UANL",166,59,"MEX",28.3369863013699
"389","Mexico",21,"DF","ALVAREZ Edson",1997-10-24,"E. ÁLVAREZ","Club América",186,72,"MEX",20.6383561643836
"390","Mexico",22,"FW","LOZANO Hirving",1995-07-30,"H. LOZANO","PSV Eindhoven",176,66,"NED",22.8739726027397
"391","Mexico",23,"MF","GALLARDO Jesus",1994-08-15,"J. GALLARDO","Pumas UNAM",177,74,"MEX",23.8301369863014
"392","Morocco",1,"GK","BOUNOU Yassine",1991-04-05,"BOUNOU","Girona FC",190,77,"ESP",27.1917808219178
"393","Morocco",2,"DF","HAKIMI Achraf",1998-11-04,"HAKIMI","Real Madrid CF",179,65,"ESP",19.6082191780822
"394","Morocco",3,"DF","MENDYL Hamza",1997-10-21,"MENDYL","Lille OSC",179,70,"FRA",20.6465753424658
"395","Morocco",4,"DF","DA COSTA Manuel",1986-05-06,"DA COSTA","Istanbul Başakşehir FK",187,78,"TUR",32.1068493150685
"396","Morocco",5,"DF","BENATIA Mehdi",1987-04-17,"BENATIA","Juventus FC",188,88,"ITA",31.158904109589
"397","Morocco",6,"DF","SAISS Romain",1990-03-26,"SAISS","Wolverhampton Wanderers FC",190,76,"ENG",28.2191780821918
"398","Morocco",7,"MF","ZIYACH Hakim",1993-03-19,"ZIYACH","AFC Ajax",180,70,"NED",25.2383561643836
"399","Morocco",8,"MF","EL AHMADI Karim",1985-01-27,"EL AHMADI","Feyenoord Rotterdam",179,78,"NED",33.3780821917808
"400","Morocco",9,"FW","EL KAABI Ayoub",1993-06-25,"EL KAABI","RS Berkane",182,72,"MAR",24.9698630136986
"401","Morocco",10,"MF","BELHANDA Younes",1990-02-25,"BELHANDA","Galatasaray SK",174,75,"TUR",28.2986301369863
"402","Morocco",11,"MF","FAJR Faycal",1988-08-01,"FAJR","Getafe CF",178,72,"ESP",29.8684931506849
"403","Morocco",12,"GK","EL KAJOUI Monir",1989-05-10,"EL KAJOUI","CD Numancia",190,88,"ESP",29.0958904109589
"404","Morocco",13,"FW","BOUTAIB Khalid",1987-04-24,"BOUTAIB","Yeni Malatyaspor",190,80,"TUR",31.1397260273973
"405","Morocco",14,"MF","BOUSSOUFA Mbark",1984-08-15,"BOUSSOUFA","Al Jazira",167,59,"UAE",33.8301369863014
"406","Morocco",15,"MF","AIT BENNASSER Youssef",1996-07-07,"AIT BENNASSER","SM Caen",184,75,"FRA",21.9369863013699
"407","Morocco",16,"MF","AMRABAT Noureddine",1987-03-31,"N. AMRABAT","CD Leganés",178,77,"ESP",31.2054794520548
"408","Morocco",17,"DF","DIRAR Nabil",1986-02-25,"DIRAR","Fenerbahce SK",187,82,"TUR",32.2986301369863
"409","Morocco",18,"MF","HARIT Amine",1997-06-18,"HARIT","FC Schalke 04",179,66,"GER",20.9890410958904
"410","Morocco",19,"FW","EN NESYRI Youssef",1997-06-01,"EN-NESYRI","Malaga CF",188,75,"ESP",21.0356164383562
"411","Morocco",20,"FW","BOUHADDOUZ Aziz",1987-03-30,"BOUHADDOUZ","FC St. Pauli",188,80,"GER",31.2082191780822
"412","Morocco",21,"MF","AMRABAT Sofyan",1996-08-21,"S. AMRABAT","Feyenoord Rotterdam",183,77,"NED",21.813698630137
"413","Morocco",22,"GK","TAGNAOUTI Ahmed",1996-04-05,"TAGNAOUTI","IRT Tanger",186,70,"MAR",22.1917808219178
"414","Morocco",23,"MF","CARCELA Mehdi",1989-07-01,"CARCELA","Standard Liège",176,67,"BEL",28.9534246575342
"415","Nigeria",1,"GK","EZENWA Ikechukwu",1988-10-16,"EZENWA","Enyimba FC",181,80,"NGA",29.6602739726027
"416","Nigeria",2,"DF","IDOWU Bryan",1992-05-18,"IDOWU","FK Amkar Perm",179,75,"RUS",26.0739726027397
"417","Nigeria",3,"DF","ECHIEJILE Elderson",1988-01-20,"ECHIEJILE","Cercle Brugge",185,82,"BEL",30.3972602739726
"418","Nigeria",4,"MF","NDIDI Onyinye",1996-12-16,"NDIDI","Leicester City FC",184,73,"ENG",21.4931506849315
"419","Nigeria",5,"DF","EKONG William",1993-09-01,"EKONG","Bursaspor",191,85,"TUR",24.7835616438356
"420","Nigeria",6,"DF","BALOGUN Leon",1988-06-28,"BALOGUN","FSV Mainz 05",190,89,"GER",29.9616438356164
"421","Nigeria",7,"FW","MUSA Ahmed",1992-10-14,"MUSA","CSKA Moscow",173,65,"RUS",25.6657534246575
"422","Nigeria",8,"MF","ETEBO Oghenekaro",1995-11-09,"ETEBO","UD Las Palmas",174,74,"ESP",22.5945205479452
"423","Nigeria",9,"FW","IGHALO Odion",1989-06-16,"IGHALO","Changchun Yatai",188,83,"CHN",28.9945205479452
"424","Nigeria",10,"MF","MIKEL John Obi",1987-04-22,"MIKEL","Tianjin Teda",188,82,"CHN",31.1452054794521
"425","Nigeria",11,"FW","MOSES Victor",1990-12-12,"MOSES","Chelsea FC",177,75,"ENG",27.5041095890411
"426","Nigeria",12,"DF","SHEHU Abdullahi",1993-03-12,"SHEHU","Bursaspor",182,75,"TUR",25.2575342465753
"427","Nigeria",13,"FW","NWANKWO Simeon",1992-05-07,"NWANKWO","FC Crotone",197,89,"ITA",26.1041095890411
"428","Nigeria",14,"FW","IHEANACHO Kelechi",1996-03-10,"IHEANACHO","Leicester City FC",183,80,"ENG",22.2630136986301
"429","Nigeria",15,"MF","OBI Joel",1991-05-22,"OBI","Torino FC",177,77,"ITA",27.0630136986301
"430","Nigeria",16,"GK","AKPEYI Daniel",1986-03-08,"AKPEYI","Chippa United FC",187,94,"RSA",32.2684931506849
"431","Nigeria",17,"MF","ONAZI Ogenyi",1992-12-25,"ONAZI","Trabzonspor",172,74,"TUR",25.4684931506849
"432","Nigeria",18,"FW","IWOBI Alex",1996-05-03,"IWOBI","Arsenal FC",185,86,"ENG",22.1150684931507
"433","Nigeria",19,"MF","OGU John",1988-04-20,"OGU","Hapoel Be'er Sheva FC",191,90,"ISR",30.1506849315068
"434","Nigeria",20,"DF","AWAZIEM Chidozie",1997-01-01,"AWAZIEM","FC Nantes",192,76,"FRA",21.4493150684931
"435","Nigeria",21,"DF","EBUEHI Tyronne",1995-12-16,"EBUEHI","ADO Den Haag",187,74,"NED",22.4931506849315
"436","Nigeria",22,"DF","OMERUO Kenneth",1993-10-17,"OMERUO","Kasimpasa SK",185,82,"TUR",24.6575342465753
"437","Nigeria",23,"GK","UZOHO Francis",1998-10-28,"UZOHO","Deportivo La Coruña",196,91,"ESP",19.627397260274
"438","Panama",1,"GK","PENEDO Jaime",1981-09-26,"PENEDO","Dinamo Bucharest",183,70,"ROU",36.7150684931507
"439","Panama",2,"DF","MURILLO Michael",1996-02-11,"MURILLO","New York Red Bulls",183,78,"USA",22.3369863013699
"440","Panama",3,"DF","CUMMINGS Harold",1992-03-01,"CUMMINGS","San Jose Earthquakes",183,92,"USA",26.2876712328767
"441","Panama",4,"DF","ESCOBAR Fidel",1995-01-09,"ESCOBAR","New York Red Bulls",182,82,"USA",23.427397260274
"442","Panama",5,"DF","TORRES Roman",1986-03-20,"R. TORRES","Seattle Sounders FC",188,99,"USA",32.2356164383562
"443","Panama",6,"MF","GOMEZ Gabriel",1984-05-29,"GOMEZ","Atlético Bucaramanga",183,82,"COL",34.0438356164384
"444","Panama",7,"FW","PEREZ Blas",1981-03-13,"PEREZ","CSD Municipal",187,83,"GUA",37.2547945205479
"445","Panama",8,"MF","BARCENAS Edgar",1993-10-23,"BARCENAS","Cafetaleros de Tapachula",175,72,"MEX",24.641095890411
"446","Panama",9,"FW","TORRES Gabriel",1988-10-31,"G. TORRES","CD Huachipato",180,77,"CHI",29.6191780821918
"447","Panama",10,"FW","DIAZ Ismael",1997-05-12,"DIAZ","Deportivo La Coruña",181,72,"ESP",21.0904109589041
"448","Panama",11,"MF","COOPER Armando",1987-11-26,"COOPER","Club Universidad de Chile",173,72,"CHI",30.5479452054795
"449","Panama",12,"GK","CALDERON Jose",1985-08-14,"CALDERON","Chorrillo FC",187,87,"PAN",32.8328767123288
"450","Panama",13,"DF","MACHADO Adolfo",1985-02-14,"MACHADO","Houston Dynamo",182,78,"USA",33.3287671232877
"451","Panama",14,"MF","PIMENTEL Valentin",1991-05-30,"PIMENTEL","Plaza Amador",189,80,"PAN",27.041095890411
"452","Panama",15,"DF","DAVIS Eric",1991-03-31,"DAVIS","DAC Dunajska Streda",180,81,"SVK",27.2054794520548
"453","Panama",16,"FW","ARROYO Abdiel",1993-12-13,"ARROYO","LD Alajuelense",183,82,"CRC",24.5013698630137
"454","Panama",17,"DF","OVALLE Luis",1988-09-07,"OVALLE","CD Olimpia",178,75,"HON",29.7671232876712
"455","Panama",18,"FW","TEJADA Luis",1982-03-28,"TEJADA","Sport Boys",183,87,"PER",36.213698630137
"456","Panama",19,"MF","QUINTERO Alberto",1987-12-18,"QUINTERO","Universitario Lima",165,62,"PER",30.4876712328767
"457","Panama",20,"MF","GODOY Anibal",1990-02-10,"GODOY","San Jose Earthquakes",183,82,"USA",28.3397260273973
"458","Panama",21,"MF","RODRIGUEZ Jose Luis",1998-06-19,"J. RODRIGUEZ","KAA Gent",180,77,"BEL",19.986301369863
"459","Panama",22,"GK","RODRIGUEZ Alex",1990-08-05,"RODRIGUEZ","San Francisco FC",197,83,"PAN",27.8575342465753
"460","Panama",23,"DF","BALOY Felipe",1981-02-24,"BALOY","CSD Municipal",185,87,"GUA",37.3013698630137
"461","Peru",1,"GK","GALLESE Pedro",1990-02-23,"GALLESE","CD Tiburones Rojos de Veracruz",189,79,"MEX",28.3041095890411
"462","Peru",2,"DF","RODRIGUEZ Alberto",1984-03-31,"RODRIGUEZ","Atletico Junior",179,78,"COL",34.2054794520548
"463","Peru",3,"DF","CORZO Aldo",1989-05-20,"CORZO","Universitario Lima",172,75,"PER",29.0684931506849
"464","Peru",4,"DF","SANTAMARIA Anderson",1992-01-10,"SANTAMARIA","Puebla FC",183,84,"MEX",26.4246575342466
"465","Peru",5,"DF","ARAUJO Miguel",1994-10-24,"ARAUJO","Alianza Lima",178,77,"PER",23.6383561643836
"466","Peru",6,"DF","TRAUCO Miguel",1992-08-25,"TRAUCO","CR Flamengo",169,74,"BRA",25.8027397260274
"467","Peru",7,"MF","HURTADO Paolo",1990-07-27,"HURTADO","Vitoria Guimaraes",174,66,"POR",27.8821917808219
"468","Peru",8,"MF","CUEVA Christian",1991-11-23,"CUEVA","Sao Paulo FC",169,69,"BRA",26.5561643835616
"469","Peru",9,"FW","GUERRERO Paolo",1984-01-01,"GUERRERO","CR Flamengo",185,88,"BRA",34.4493150684931
"470","Peru",10,"FW","FARFAN Jefferson",1984-10-26,"FARFAN","FC Lokomotiv Moscow",177,85,"RUS",33.6328767123288
"471","Peru",11,"FW","RUIDIAZ Raul",1990-07-25,"RUIDIAZ","CA Monarcas Morelia",169,67,"MEX",27.8876712328767
"472","Peru",12,"GK","CACEDA Carlos",1991-09-27,"CACEDA","Deportivo Municipal",184,78,"PER",26.7123287671233
"473","Peru",13,"MF","TAPIA Renato",1995-07-28,"TAPIA","Feyenoord Rotterdam",185,85,"NED",22.8794520547945
"474","Peru",14,"MF","POLO Andy",1994-09-29,"POLO","Portland Timbers",174,71,"USA",23.7068493150685
"475","Peru",15,"DF","RAMOS Christian",1988-11-04,"RAMOS","CD Tiburones Rojos de Veracruz",182,72,"MEX",29.6082191780822
"476","Peru",16,"MF","CARTAGENA Wilder",1994-09-23,"CARTAGENA","CD Tiburones Rojos de Veracruz",179,76,"MEX",23.7232876712329
"477","Peru",17,"DF","ADVINCULA Luis",1990-03-02,"ADVINCULA","Lobos BUAP",178,80,"MEX",28.2849315068493
"478","Peru",18,"FW","CARRILLO Andre",1991-06-14,"CARRILLO","Watford FC",182,77,"ENG",27
"479","Peru",19,"MF","YOTUN Yoshimar",1990-04-07,"YOTUN","Orlando City SC",172,69,"USA",28.186301369863
"480","Peru",20,"FW","FLORES Edison",1994-05-14,"FLORES","Aalborg BK",170,72,"DEN",24.0849315068493
"481","Peru",21,"GK","CARVALLO Jose",1986-03-01,"CARVALLO","Universidad Técnica de Cajamarca",182,84,"PER",32.2876712328767
"482","Peru",22,"DF","LOYOLA Nilson",1994-10-26,"LOYOLA","FBC Melgar",179,68,"PER",23.6328767123288
"483","Peru",23,"MF","AQUINO Pedro",1995-04-13,"AQUINO","Lobos BUAP",174,71,"MEX",23.1698630136986
"484","Poland",1,"GK","SZCZESNY Wojciech",1990-04-18,"SZCZESNY","Juventus FC",195,84,"ITA",28.1561643835616
"485","Poland",2,"DF","PAZDAN Michal",1987-09-21,"PAZDAN","Legia Warsaw",181,78,"POL",30.7287671232877
"486","Poland",3,"DF","JEDRZEJCZYK Artur",1987-11-04,"JEDRZEJCZYK","Legia Warsaw",189,78,"POL",30.6082191780822
"487","Poland",4,"DF","CIONEK Thiago",1986-04-21,"CIONEK","SPAL Ferrara",184,81,"ITA",32.1479452054795
"488","Poland",5,"DF","BEDNAREK Jan",1996-04-12,"BEDNAREK","Southampton FC",189,77,"ENG",22.172602739726
"489","Poland",6,"MF","GORALSKI Jacek",1992-09-21,"GORALSKI","PFC Ludogorets Razgrad",172,66,"BUL",25.7287671232877
"490","Poland",7,"FW","MILIK Arkadiusz",1994-02-28,"MILIK","SSC Napoli",186,81,"ITA",24.2904109589041
"491","Poland",8,"MF","LINETTY Karol",1995-02-02,"LINETTY","UC Sampdoria",176,73,"ITA",23.3616438356164
"492","Poland",9,"FW","LEWANDOWSKI Robert",1988-08-21,"LEWANDOWSKI","FC Bayern München",185,79,"GER",29.813698630137
"493","Poland",10,"MF","KRYCHOWIAK Grzegorz",1990-01-29,"KRYCHOWIAK","West Bromwich Albion FC",186,83,"ENG",28.372602739726
"494","Poland",11,"MF","GROSICKI Kamil",1988-06-08,"GROSICKI","Hull City FC",180,78,"ENG",30.0164383561644
"495","Poland",12,"GK","BIALKOWSKI Bartosz",1987-07-06,"BIALKOWSKI","Ipswich Town FC",194,83,"ENG",30.9397260273973
"496","Poland",13,"MF","RYBUS Maciej",1989-08-19,"RYBUS","FC Lokomotiv Moscow",173,75,"RUS",28.8191780821918
"497","Poland",14,"FW","TEODORCZYK Lukasz",1991-06-03,"TEODORCZYK","RSC Anderlecht",185,78,"BEL",27.0301369863014
"498","Poland",15,"DF","GLIK Kamil",1988-02-03,"GLIK","AS Monaco",190,80,"FRA",30.358904109589
"499","Poland",16,"MF","BLASZCZYKOWSKI Jakub",1985-12-14,"BLASZCZYKOWSKI","VfL Wolfsburg",175,71,"GER",32.4986301369863
"500","Poland",17,"MF","PESZKO Slawomir",1985-02-19,"PESZKO","Lechia Gdansk",173,68,"POL",33.3150684931507
"501","Poland",18,"DF","BERESZYNSKI Bartosz",1992-07-12,"BERESZYNSKI","UC Sampdoria",182,72,"ITA",25.9232876712329
"502","Poland",19,"MF","ZIELINSKI Piotr",1994-05-20,"ZIELINSKI","SSC Napoli",177,64,"ITA",24.0684931506849
"503","Poland",20,"DF","PISZCZEK Lukasz",1985-06-03,"PISZCZEK","Borussia Dortmund",184,79,"GER",33.0301369863014
"504","Poland",21,"MF","KURZAWA Rafal",1993-01-29,"KURZAWA","Gornik Zabrze",182,73,"POL",25.372602739726
"505","Poland",22,"GK","FABIANSKI Lukasz",1985-04-18,"FABIANSKI","Swansea City AFC",190,83,"WAL",33.1561643835616
"506","Poland",23,"FW","KOWNACKI Dawid",1997-03-14,"KOWNACKI","UC Sampdoria",185,75,"ITA",21.2520547945205
"507","Portugal",1,"GK","RUI PATRICIO",1988-02-15,"RUI PATRICIO","Sporting CP",189,84,"POR",30.3260273972603
"508","Portugal",2,"DF","BRUNO ALVES",1981-11-27,"B. ALVES","Rangers FC",187,83,"SCO",36.5452054794521
"509","Portugal",3,"DF","PEPE",1983-02-26,"PEPE","Besiktas JK",188,81,"TUR",35.2958904109589
"510","Portugal",4,"MF","MANUEL FERNANDES",1986-02-05,"M. FERNANDES","FC Lokomotiv Moscow",174,69,"RUS",32.3534246575342
"511","Portugal",5,"DF","RAPHAEL GUERREIRO",1993-12-22,"RAPHAEL","Borussia Dortmund",170,64,"GER",24.4767123287671
"512","Portugal",6,"DF","JOSE FONTE",1983-12-22,"FONTE","Dalian Yifang FC",191,84,"CHN",34.4767123287671
"513","Portugal",7,"FW","CRISTIANO RONALDO",1985-02-05,"RONALDO","Real Madrid CF",185,80,"ESP",33.3534246575342
"514","Portugal",8,"MF","JOAO MOUTINHO",1986-09-08,"J. MOUTINHO","AS Monaco",170,61,"FRA",31.7643835616438
"515","Portugal",9,"FW","ANDRE SILVA",1995-11-06,"ANDRÉ SILVA","AC Milan",184,78,"ITA",22.6027397260274
"516","Portugal",10,"MF","JOAO MARIO",1993-01-19,"J. MÁRIO","West Ham United FC",179,73,"ENG",25.4
"517","Portugal",11,"MF","BERNARDO SILVA",1994-08-10,"BERNARDO","Manchester City FC",173,65,"ENG",23.8438356164384
"518","Portugal",12,"GK","ANTHONY LOPES",1990-10-01,"LOPES","Olympique Lyon",184,81,"FRA",27.7013698630137
"519","Portugal",13,"DF","RUBEN DIAS",1997-05-14,"RUBEN DIAS","SL Benfica",187,83,"POR",21.0849315068493
"520","Portugal",14,"MF","WILLIAM",1992-04-07,"WILLIAM","Sporting CP",190,80,"POR",26.186301369863
"521","Portugal",15,"DF","RICARDO",1993-10-06,"RICARDO","FC Porto",174,70,"POR",24.6876712328767
"522","Portugal",16,"MF","BRUNO FERNANDES",1994-09-08,"B. FERNANDES","Sporting CP",183,64,"POR",23.7643835616438
"523","Portugal",17,"FW","GONCALO GUEDES",1996-11-29,"G. GUEDES","Valencia CF",179,72,"ESP",21.5397260273973
"524","Portugal",18,"FW","GELSON MARTINS",1995-05-11,"GELSON","Sporting CP",173,63,"POR",23.0931506849315
"525","Portugal",19,"DF","MARIO RUI",1991-05-27,"MÁRIO RUI","SSC Napoli",168,67,"ITA",27.0493150684932
"526","Portugal",20,"FW","RICARDO QUARESMA",1983-09-26,"QUARESMA","Besiktas JK",175,73,"TUR",34.7150684931507
"527","Portugal",21,"DF","CEDRIC",1991-08-31,"CÉDRIC","Southampton FC",172,67,"ENG",26.786301369863
"528","Portugal",22,"GK","BETO",1982-05-01,"BETO","Goztepe SK",183,79,"TUR",36.1205479452055
"529","Portugal",23,"MF","ADRIEN SILVA",1989-03-15,"ADRIEN","Leicester City FC",176,72,"ENG",29.2493150684931
"530","Russia",1,"GK","AKINFEEV Igor",1986-04-08,"AKINFEEV","CSKA Moscow",185,83,"RUS",32.1835616438356
"531","Russia",2,"DF","MARIO FERNANDES",1990-09-19,"FERNANDES","CSKA Moscow",187,79,"RUS",27.7342465753425
"532","Russia",3,"DF","KUTEPOV Ilya",1993-07-29,"KUTEPOV","FC Spartak Moscow",190,82,"RUS",24.8767123287671
"533","Russia",4,"DF","IGNASHEVICH Sergey",1979-07-14,"IGNASHEVICH","CSKA Moscow",186,84,"RUS",38.9178082191781
"534","Russia",5,"DF","SEMENOV Andrey",1989-03-24,"SEMENOV","FC Akhmat Grozny",191,87,"RUS",29.2246575342466
"535","Russia",6,"MF","CHERYSHEV Denis",1990-12-26,"CHERYSHEV","Villarreal CF",173,68,"ESP",27.4657534246575
"536","Russia",7,"MF","KUZIAEV Daler",1993-01-15,"KUZIAEV","FC Zenit St. Petersburg",182,74,"RUS",25.4109589041096
"537","Russia",8,"MF","GAZINSKY Iury",1989-07-20,"GAZINSKII","FC Krasnodar",180,75,"RUS",28.9013698630137
"538","Russia",9,"MF","DZAGOEV Alan",1990-06-17,"DZAGOEV","CSKA Moscow",178,73,"RUS",27.9917808219178
"539","Russia",10,"FW","SMOLOV Fedor",1990-02-09,"SMOLOV","FC Krasnodar",185,79,"RUS",28.3424657534247
"540","Russia",11,"MF","ZOBNIN Roman",1994-02-11,"ZOBNIN","FC Spartak Moscow",185,77,"RUS",24.3369863013699
"541","Russia",12,"GK","LUNEV Andrei",1991-11-13,"LUNEV","FC Zenit St. Petersburg",189,80,"RUS",26.5835616438356
"542","Russia",13,"DF","KUDRIASHOV Fedor",1987-04-05,"KUDRIASHOV","FC Rubin Kazan",187,78,"RUS",31.1917808219178
"543","Russia",14,"DF","GRANAT Vladimir",1987-05-22,"GRANAT","FC Rubin Kazan",184,80,"RUS",31.0630136986301
"544","Russia",15,"MF","MIRANCHUK Alexey",1995-10-17,"MIRANCHUK AL.","FC Lokomotiv Moscow",185,77,"RUS",22.6575342465753
"545","Russia",16,"MF","MIRANCHUK Anton",1995-10-17,"MIRANCHUK AN.","FC Lokomotiv Moscow",182,67,"RUS",22.6575342465753
"546","Russia",17,"MF","GOLOVIN Aleksandr",1996-05-30,"GOLOVIN","CSKA Moscow",178,70,"RUS",22.041095890411
"547","Russia",18,"MF","ZHIRKOV Yury",1983-08-20,"ZHIRKOV","FC Zenit St. Petersburg",180,76,"RUS",34.8164383561644
"548","Russia",19,"MF","SAMEDOV Alexander",1984-07-19,"SAMEDOV","FC Spartak Moscow",178,74,"RUS",33.9041095890411
"549","Russia",20,"GK","GABULOV Vladimir",1983-10-19,"GABULOV","Club Brugge KV",190,81,"BEL",34.6520547945205
"550","Russia",21,"MF","EROKHIN Aleksandr",1989-10-13,"EROKHIN","FC Zenit St. Petersburg",191,79,"RUS",28.6684931506849
"551","Russia",22,"FW","DZYUBA Artem",1988-08-22,"DZYUBA","FC Arsenal Tula",196,90,"RUS",29.8109589041096
"552","Russia",23,"DF","SMOLNIKOV Igor",1988-08-08,"SMOLNIKOV","FC Zenit St. Petersburg",179,72,"RUS",29.8493150684932
"553","Saudi Arabia",1,"GK","ABDULLAH ALMUAIOUF",1987-01-23,"ABDULLAH","Al Hilal SFC",178,98,"KSA",31.3890410958904
"554","Saudi Arabia",2,"DF","MANSOUR ALHARBI",1987-10-19,"MANSOUR","Al Ahli SC",173,68,"KSA",30.6520547945205
"555","Saudi Arabia",3,"DF","OSAMA HAWSAWI",1984-03-31,"OSAMA","Al Hilal SFC",188,83,"KSA",34.2054794520548
"556","Saudi Arabia",4,"DF","ALI ALBULAYHI",1989-11-21,"ALI","Al Hilal SFC",182,83,"KSA",28.5616438356164
"557","Saudi Arabia",5,"DF","OMAR OTHMAN",1985-09-27,"OMAR","Al Nassr FC",185,76,"KSA",32.7123287671233
"558","Saudi Arabia",6,"DF","MOHAMMED ALBURAYK",1992-09-15,"ALBURAYK","Al Hilal SFC",173,61,"KSA",25.7452054794521
"559","Saudi Arabia",7,"MF","SALMAN ALFARAJ",1989-08-01,"SALMAN","Al Hilal SFC",179,63,"KSA",28.8684931506849
"560","Saudi Arabia",8,"MF","YAHIA ALSHEHRI",1990-06-26,"YAHIA","CD Leganés",165,63,"ESP",27.9671232876712
"561","Saudi Arabia",9,"MF","HATAN BAHBIR",1992-07-16,"HATAN","Al Shabab FC",170,66,"KSA",25.9123287671233
"562","Saudi Arabia",10,"FW","MOHAMMED ALSAHLAWI",1987-01-10,"ALSAHLAWI","Al Nassr FC",179,75,"KSA",31.4246575342466
"563","Saudi Arabia",11,"MF","ABDULMALEK ALKHAIBRI",1986-03-13,"ABDULMALEK","Al Hilal SFC",177,73,"KSA",32.2547945205479
"564","Saudi Arabia",12,"MF","MOHAMED KANNO",1994-09-22,"KANNO","Al Hilal SFC",192,73,"KSA",23.7260273972603
"565","Saudi Arabia",13,"DF","YASIR ALSHAHRANI",1992-05-25,"YASIR","Al Hilal SFC",170,63,"KSA",26.0547945205479
"566","Saudi Arabia",14,"MF","ABDULLAH OTAYF",1992-08-03,"OTAYF","Al Hilal SFC",177,66,"KSA",25.8630136986301
"567","Saudi Arabia",15,"MF","ABDULLAH ALKHAIBARI",1996-08-16,"ALKHAIBARI","Al Shabab FC",175,66,"KSA",21.827397260274
"568","Saudi Arabia",16,"MF","HUSSAIN ALMOQAHWI",1988-03-24,"HUSSAIN","Al Ahli SC",174,76,"KSA",30.2246575342466
"569","Saudi Arabia",17,"MF","TAISEER ALJASSAM",1984-07-25,"TAISEER","Al Ahli SC",169,69,"KSA",33.8876712328767
"570","Saudi Arabia",18,"MF","SALEM ALDAWSARI",1991-08-19,"SALEM","Villarreal CF",174,68,"ESP",26.8191780821918
"571","Saudi Arabia",19,"FW","FAHAD ALMUWALLAD",1994-09-14,"FAHAD","Levante UD",168,65,"ESP",23.7479452054795
"572","Saudi Arabia",20,"FW","MUHANNAD ASIRI",1986-10-14,"MUHANNAD","Al Ahli SC",185,79,"KSA",31.6657534246575
"573","Saudi Arabia",21,"GK","YASSER ALMOSAILEM",1984-02-27,"ALMOSAILEM","Al Ahli SC",186,88,"KSA",34.2931506849315
"574","Saudi Arabia",22,"GK","MOHAMMED ALOWAIS",1991-10-10,"ALOWAIS","Al Ahli SC",187,79,"KSA",26.6767123287671
"575","Saudi Arabia",23,"DF","MOTAZ HAWSAWI",1992-02-17,"MOTAZ","Al Ahli SC",180,79,"KSA",26.3205479452055
"576","Senegal",1,"GK","DIALLO Abdoulaye",1992-03-30,"DIALLO","Stade Rennais FC",189,79,"FRA",26.2082191780822
"577","Senegal",2,"DF","CISS Saliou",1989-06-15,"CISS","Valenciennes FC",173,69,"FRA",28.9972602739726
"578","Senegal",3,"DF","KOULIBALY Kalidou",1991-06-20,"KOULIBALY","SSC Napoli",195,89,"ITA",26.9835616438356
"579","Senegal",4,"DF","MBODJI Kara",1989-11-22,"KARA","RSC Anderlecht",192,85,"BEL",28.558904109589
"580","Senegal",5,"MF","GUEYE Idrissa Gana",1989-09-26,"GANA","Everton FC",174,64,"ENG",28.7150684931507
"581","Senegal",6,"MF","SANE Salif",1990-08-25,"S. SANE","Hannover 96",196,84,"GER",27.8027397260274
"582","Senegal",7,"FW","SOW Moussa",1986-01-19,"SOW","Bursaspor",180,75,"TUR",32.4
"583","Senegal",8,"MF","KOUYATE Cheikhou",1989-12-21,"C. KOUYATE","West Ham United FC",189,75,"ENG",28.4794520547945
"584","Senegal",9,"FW","DIOUF Mame",1987-12-16,"M. DIOUF","Stoke City FC",185,81,"ENG",30.4931506849315
"585","Senegal",10,"FW","MANE Sadio",1992-04-10,"MANE","Liverpool FC",175,69,"ENG",26.1780821917808
"586","Senegal",11,"MF","NDOYE Cheikh",1986-03-29,"CH. NDOYE","Birmingham City FC",192,90,"ENG",32.2109589041096
"587","Senegal",12,"DF","SABALY Youssouf",1993-03-05,"SABALY","FC Girondins Bordeaux",174,71,"FRA",25.2767123287671
"588","Senegal",13,"MF","NDIAYE Alfred",1990-03-06,"A. NDIAYE","Wolverhampton Wanderers FC",186,80,"ENG",28.2739726027397
"589","Senegal",14,"FW","KONATE Moussa",1993-04-03,"KONATE","Amiens SC",180,78,"FRA",25.1972602739726
"590","Senegal",15,"FW","SAKHO Diafra",1989-12-24,"SAKHO","Stade Rennais FC",184,79,"FRA",28.4712328767123
"591","Senegal",16,"GK","NDIAYE Khadim",1985-04-05,"KH. NDIAYE","Horoya AC",185,80,"GUI",33.1917808219178
"592","Senegal",17,"MF","NDIAYE Pape Alioune",1990-10-27,"P.A. NDIAYE","Stoke City FC",181,74,"ENG",27.6301369863014
"593","Senegal",18,"FW","SARR Ismaila",1998-02-25,"ISMAÏLA","Stade Rennais FC",175,70,"FRA",20.2986301369863
"594","Senegal",19,"FW","NIANG Mbaye",1994-12-19,"NIANG","Torino FC",184,74,"ITA",23.4849315068493
"595","Senegal",20,"FW","BALDE Keita",1995-03-08,"KEÏTA BALDE","AS Monaco",181,77,"FRA",23.2684931506849
"596","Senegal",21,"DF","GASSAMA Lamine",1989-10-20,"GASSAMA","Adanaspor",181,74,"TUR",28.6493150684932
"597","Senegal",22,"DF","WAGUE Moussa",1998-10-04,"M. WAGUE","KAS Eupen",177,70,"BEL",19.6931506849315
"598","Senegal",23,"GK","GOMIS Alfred",1993-09-05,"GOMIS","SPAL Ferrara",196,80,"ITA",24.772602739726
"599","Serbia",1,"GK","STOJKOVIC Vladimir",1983-07-28,"STOJKOVIĆ","FK Partizan",195,92,"SRB",34.8794520547945
"600","Serbia",2,"DF","RUKAVINA Antonio",1984-01-26,"RUKAVINA","Villarreal CF",177,71,"ESP",34.3808219178082
"601","Serbia",3,"DF","TOSIC Dusko",1985-01-19,"TOŠIĆ","Besiktas JK",185,79,"TUR",33.4
"602","Serbia",4,"MF","MILIVOJEVIC Luka",1991-04-07,"MILIVOJEVIĆ","Crystal Palace FC",186,80,"ENG",27.186301369863
"603","Serbia",5,"DF","SPAJIC Uros",1993-02-13,"SPAJIĆ","RSC Anderlecht",188,82,"BEL",25.3315068493151
"604","Serbia",6,"DF","IVANOVIC Branislav",1984-02-22,"IVANOVIĆ","FC Zenit St. Petersburg",185,89,"RUS",34.3068493150685
"605","Serbia",7,"MF","ZIVKOVIC Andrija",1996-07-11,"ŽIVKOVIĆ","SL Benfica",169,68,"POR",21.9260273972603
"606","Serbia",8,"FW","PRIJOVIC Aleksandar",1990-04-21,"PRIJOVIĆ","PAOK FC",191,88,"GRE",28.1479452054795
"607","Serbia",9,"FW","MITROVIC Aleksandar",1994-09-16,"MITROVIĆ","Fulham FC",189,82,"ENG",23.7424657534247
"608","Serbia",10,"MF","TADIC Dusan",1988-11-20,"TADIĆ","Southampton FC",181,76,"ENG",29.5643835616438
"609","Serbia",11,"DF","KOLAROV Aleksandar",1985-11-10,"KOLAROV","AS Roma",187,83,"ITA",32.5917808219178
"610","Serbia",12,"GK","RAJKOVIC Predrag",1995-10-31,"RAJKOVIĆ","Maccabi Tel-Aviv FC",191,85,"ISR",22.6191780821918
"611","Serbia",13,"DF","VELJKOVIC Milos",1995-09-26,"VELJKOVIĆ","SV Werder Bremen",188,77,"GER",22.7150684931507
"612","Serbia",14,"DF","RODIC Milan",1991-04-02,"RODIĆ","FK Crvena Zvezda",185,69,"SRB",27.2
"613","Serbia",15,"DF","MILENKOVIC Nikola",1997-10-12,"MILENKOVIĆ","ACF Fiorentina",195,90,"ITA",20.6712328767123
"614","Serbia",16,"MF","GRUJIC Marko",1996-04-13,"GRUJIĆ","Cardiff City FC",190,82,"WAL",22.1698630136986
"615","Serbia",17,"MF","KOSTIC Filip",1992-11-01,"KOSTIĆ","Hamburger SV",184,82,"GER",25.6164383561644
"616","Serbia",18,"FW","RADONJIC Nemanja",1996-02-15,"RADONJIĆ","FK Crvena Zvezda",185,76,"SRB",22.3260273972603
"617","Serbia",19,"FW","JOVIC Luka",1997-12-23,"JOVIĆ","Eintracht Frankfurt",181,75,"GER",20.4739726027397
"618","Serbia",20,"MF","MILINKOVIC-SAVIC Sergej",1995-02-27,"SERGEJ","SS Lazio",192,76,"ITA",23.2931506849315
"619","Serbia",21,"MF","MATIC Nemanja",1988-08-01,"MATIĆ","Manchester United FC",194,86,"ENG",29.8684931506849
"620","Serbia",22,"MF","LJAJIC Adem",1991-09-29,"LJAJIĆ","Torino FC",182,74,"ITA",26.7068493150685
"621","Serbia",23,"GK","DMITROVIC Marko",1992-01-24,"DMITROVIĆ","SD Eibar",194,90,"ESP",26.386301369863
"622","Spain",1,"GK","DE GEA David",1990-11-07,"DE GEA","Manchester United FC",190,71,"ENG",27.6
"623","Spain",2,"DF","CARVAJAL Dani",1992-01-11,"CARVAJAL","Real Madrid CF",173,73,"ESP",26.4219178082192
"624","Spain",3,"DF","PIQUE Gerard",1987-02-02,"PIQUÉ","FC Barcelona",194,85,"ESP",31.3616438356164
"625","Spain",4,"DF","NACHO",1990-01-18,"NACHO","Real Madrid CF",179,77,"ESP",28.4027397260274
"626","Spain",5,"MF","BUSQUETS Sergio",1988-07-16,"SERGIO","FC Barcelona",189,78,"ESP",29.9123287671233
"627","Spain",6,"MF","INIESTA Andres",1984-05-11,"A. INIESTA","FC Barcelona",171,68,"ESP",34.0931506849315
"628","Spain",7,"MF","SAUL",1994-11-21,"SAÚL","Atletico Madrid",183,76,"ESP",23.5616438356164
"629","Spain",8,"MF","KOKE",1992-01-08,"KOKE","Atletico Madrid",176,73,"ESP",26.4301369863014
"630","Spain",9,"FW","RODRIGO",1991-03-06,"RODRIGO M.","Valencia CF",182,72,"ESP",27.2739726027397
"631","Spain",10,"MF","THIAGO",1991-04-11,"THIAGO","FC Bayern München",174,70,"GER",27.1753424657534
"632","Spain",11,"FW","VAZQUEZ Lucas",1991-07-01,"LUCAS V.","Real Madrid CF",173,70,"ESP",26.9534246575342
"633","Spain",12,"DF","ODRIOZOLA Alvaro",1995-12-14,"ODRIOZOLA","Real Sociedad",178,67,"ESP",22.4986301369863
"634","Spain",13,"GK","ARRIZABALAGA Kepa",1994-10-03,"ARRIZABALAGA","Athletic Bilbao",189,84,"ESP",23.6958904109589
"635","Spain",14,"DF","AZPILICUETA Cesar",1989-08-28,"AZPILICUETA","Chelsea FC",178,78,"ENG",28.7945205479452
"636","Spain",15,"DF","RAMOS Sergio",1986-03-30,"RAMOS","Real Madrid CF",183,75,"ESP",32.2082191780822
"637","Spain",16,"DF","MONREAL Nacho",1986-02-26,"MONREAL","Arsenal FC",179,72,"ENG",32.2958904109589
"638","Spain",17,"FW","ASPAS Iago",1987-08-01,"IAGO ASPAS","Celta Vigo",176,67,"ESP",30.8684931506849
"639","Spain",18,"DF","ALBA Jordi",1989-03-21,"JORDI ALBA","FC Barcelona",170,68,"ESP",29.2328767123288
"640","Spain",19,"FW","COSTA Diego",1988-10-07,"DIEGO COSTA","Atletico Madrid",185,86,"ESP",29.6849315068493
"641","Spain",20,"MF","ASENSIO Marco",1996-01-21,"ASENSIO","Real Madrid CF",182,76,"ESP",22.3945205479452
"642","Spain",21,"FW","SILVA David",1986-01-08,"SILVA","Manchester City FC",170,67,"ENG",32.4301369863014
"643","Spain",22,"MF","ISCO",1992-04-21,"ISCO","Real Madrid CF",176,74,"ESP",26.1479452054795
"644","Spain",23,"GK","REINA Pepe",1982-08-31,"REINA","SSC Napoli",188,92,"ITA",35.786301369863
"645","Sweden",1,"GK","OLSEN Robin",1990-01-08,"OLSEN","FC Kobenhavn",198,89,"DEN",28.4301369863014
"646","Sweden",2,"DF","LUSTIG Mikael",1986-12-13,"LUSTIG","Celtic FC",189,77,"SCO",31.5013698630137
"647","Sweden",3,"DF","LINDELOF Victor",1994-07-17,"LINDELÖF","Manchester United FC",187,81,"ENG",23.9095890410959
"648","Sweden",4,"DF","GRANQVIST Andreas",1985-04-16,"GRANQVIST","FC Krasnodar",192,84,"RUS",33.1616438356164
"649","Sweden",5,"DF","OLSSON Martin",1988-05-17,"OLSSON","Swansea City AFC",177,81,"WAL",30.0767123287671
"650","Sweden",6,"DF","AUGUSTINSSON Ludwig",1994-04-21,"AUGUSTINSSON","SV Werder Bremen",181,76,"GER",24.1479452054795
"651","Sweden",7,"MF","LARSSON Sebastian",1985-06-06,"LARSSON","Hull City FC",178,70,"ENG",33.0219178082192
"652","Sweden",8,"MF","EKDAL Albin",1989-07-28,"EKDAL","Hamburger SV",186,75,"GER",28.8794520547945
"653","Sweden",9,"FW","BERG Marcus",1986-08-17,"BERG","Al Ain FC",183,76,"UAE",31.8246575342466
"654","Sweden",10,"MF","FORSBERG Emil",1991-10-23,"FORSBERG","RB Leipzig",179,78,"GER",26.641095890411
"655","Sweden",11,"FW","GUIDETTI John",1992-04-15,"GUIDETTI","Deportivo Alavés",185,79,"ESP",26.1643835616438
"656","Sweden",12,"GK","JOHNSSON Karl-Johan",1990-01-28,"JOHNSSON","EA Guingamp",187,83,"FRA",28.3753424657534
"657","Sweden",13,"MF","SVENSSON Gustav",1987-02-07,"SVENSSON","Seattle Sounders FC",183,77,"USA",31.3479452054795
"658","Sweden",14,"DF","HELANDER Filip",1993-04-22,"HELANDER","Bologna FC",192,83,"ITA",25.1452054794521
"659","Sweden",15,"MF","HILJEMARK Oscar",1992-06-28,"HILJEMARK","Genoa CFC",184,73,"ITA",25.9616438356164
"660","Sweden",16,"DF","KRAFTH Emil",1994-08-02,"KRAFTH","Bologna FC",181,72,"ITA",23.8657534246575
"661","Sweden",17,"MF","CLAESSON Viktor",1992-01-02,"CLAESSON","FC Krasnodar",183,79,"RUS",26.4465753424658
"662","Sweden",18,"DF","JANSSON Pontus",1991-02-13,"JANSSON","Leeds United FC",194,89,"ENG",27.3315068493151
"663","Sweden",19,"MF","ROHDEN Marcus",1991-05-11,"ROHDÉN","FC Crotone",182,76,"ITA",27.0931506849315
"664","Sweden",20,"FW","TOIVONEN Ola",1986-07-03,"TOIVONEN","Toulouse FC",192,78,"FRA",31.9479452054795
"665","Sweden",21,"MF","DURMAZ Jimmy",1989-03-22,"DURMAZ","Toulouse FC",180,69,"FRA",29.2301369863014
"666","Sweden",22,"FW","THELIN Isaac Kiese",1992-06-24,"KIESE THELIN","KV Waasland-Beveren",189,83,"BEL",25.972602739726
"667","Sweden",23,"GK","NORDFELDT Kristoffer",1989-06-23,"NORDFELDT","Swansea City AFC",190,85,"WAL",28.9753424657534
"668","Switzerland",1,"GK","SOMMER Yann",1988-12-17,"SOMMER","VfL Borussia Mönchengladbach",183,81,"GER",29.4904109589041
"669","Switzerland",2,"DF","LICHTSTEINER Stephan",1984-01-16,"LICHTSTEINER","Juventus FC",181,77,"ITA",34.4082191780822
"670","Switzerland",3,"DF","MOUBANDJE Francois",1990-06-21,"MOUBANDJE","Toulouse FC",180,76,"FRA",27.9808219178082
"671","Switzerland",4,"DF","ELVEDI Nico",1996-09-30,"ELVEDI","VfL Borussia Mönchengladbach",187,77,"GER",21.7041095890411
"672","Switzerland",5,"DF","AKANJI Manuel",1995-07-19,"AKANJI","Borussia Dortmund",186,85,"GER",22.9041095890411
"673","Switzerland",6,"DF","LANG Michael",1991-02-08,"LANG","FC Basel",185,78,"SUI",27.3452054794521
"674","Switzerland",7,"FW","EMBOLO Breel",1997-02-14,"EMBOLO","FC Schalke 04",184,86,"GER",21.3287671232877
"675","Switzerland",8,"MF","FREULER Remo",1992-04-15,"FREULER","Atalanta Bergamo",181,75,"ITA",26.1643835616438
"676","Switzerland",9,"FW","SEFEROVIC Haris",1992-02-22,"SEFEROVIC","SL Benfica",186,88,"POR",26.3068493150685
"677","Switzerland",10,"MF","XHAKA Granit",1992-09-27,"XHAKA","Arsenal FC",183,82,"ENG",25.7123287671233
"678","Switzerland",11,"MF","BEHRAMI Valon",1985-04-19,"BEHRAMI","Udinese Calcio",184,78,"ITA",33.1534246575342
"679","Switzerland",12,"GK","MVOGO Yvon",1994-06-06,"MVOGO","RB Leipzig",186,84,"GER",24.0219178082192
"680","Switzerland",13,"DF","RODRIGUEZ Ricardo",1992-08-25,"RODRIGUEZ","AC Milan",180,79,"ITA",25.8027397260274
"681","Switzerland",14,"MF","ZUBER Steven",1991-08-17,"ZUBER","TSG 1899 Hoffenheim",182,79,"GER",26.8246575342466
"682","Switzerland",15,"MF","DZEMAILI Blerim",1986-04-12,"DZEMAILI","Bologna FC",180,77,"ITA",32.172602739726
"683","Switzerland",16,"MF","FERNANDES Gelson",1986-09-02,"G. FERNANDES","Eintracht Frankfurt",180,72,"GER",31.7808219178082
"684","Switzerland",17,"MF","ZAKARIA Denis",1996-11-20,"ZAKARIA","VfL Borussia Mönchengladbach",189,77,"GER",21.5643835616438
"685","Switzerland",18,"FW","GAVRANOVIC Mario",1989-11-24,"GAVRANOVIC","GNK Dinamo Zagreb",175,75,"CRO",28.5534246575342
"686","Switzerland",19,"FW","DRMIC Josip",1992-08-08,"DRMIC","VfL Borussia Mönchengladbach",184,78,"GER",25.8493150684932
"687","Switzerland",20,"DF","DJOUROU Johan",1987-01-18,"DJOUROU","Antalyaspor AS",192,90,"TUR",31.4027397260274
"688","Switzerland",21,"GK","BUERKI Roman",1990-11-14,"BÜRKI","Borussia Dortmund",188,83,"GER",27.5808219178082
"689","Switzerland",22,"DF","SCHAER Fabian",1991-12-20,"SCHÄR","Deportivo La Coruña",186,83,"ESP",26.4821917808219
"690","Switzerland",23,"MF","SHAQIRI Xherdan",1991-10-10,"SHAQIRI","Stoke City FC",165,78,"ENG",26.6767123287671
"691","Tunisia",1,"GK","BEN MUSTAPHA Farouk",1989-07-01,"BEN MUSTAPHA","Al Shabab FC",192,85,"KSA",28.9534246575342
"692","Tunisia",2,"DF","BEN YOUSSEF Syam",1989-03-31,"BEN YOUSSEF .S","Kasimpasa SK",189,87,"TUR",29.2054794520548
"693","Tunisia",3,"DF","BEN ALOUANE Yohan",1987-03-28,"BEN ALOUANE","Leicester City FC",185,75,"ENG",31.213698630137
"694","Tunisia",4,"DF","MERIAH Yassine",1993-07-02,"MERIAH","CS Sfaxien",183,70,"TUN",24.9506849315068
"695","Tunisia",5,"DF","HADDADI Oussama",1992-01-28,"HADDADI","Dijon FCO",185,76,"FRA",26.3753424657534
"696","Tunisia",6,"DF","BEDOUI Rami",1990-01-19,"BEDOUI","Étoile du Sahel",187,77,"TUN",28.4
"697","Tunisia",7,"FW","KHAOUI Saifeddine",1995-04-27,"KHAOUI","ES Troyes",180,76,"FRA",23.1315068493151
"698","Tunisia",8,"FW","BEN YOUSSEF Fakhreddine",1991-06-23,"BEN YOUSSEF .F","Al Ittifaq FC",189,80,"KSA",26.9753424657534
"699","Tunisia",9,"MF","BADRI Anice",1990-09-18,"BADRI","ES Tunis",178,70,"TUN",27.7369863013699
"700","Tunisia",10,"FW","KHAZRI Wahbi",1991-02-08,"KHAZRI","Stade Rennais FC",182,76,"FRA",27.3452054794521
"701","Tunisia",11,"DF","BRONN Dylan",1995-06-19,"BRONN","KAA Gent",186,75,"BEL",22.986301369863
"702","Tunisia",12,"DF","MAALOUL Ali",1990-01-01,"MAALOUL","Al Ahly SC",170,72,"EGY",28.4493150684931
"703","Tunisia",13,"MF","SASSI Ferjani",1992-03-18,"SASSI","Al Nassr FC",186,80,"KSA",26.241095890411
"704","Tunisia",14,"MF","BEN AMOR Mohamed",1992-05-03,"BEN AMOR","Al Ahli SC",180,75,"KSA",26.1150684931507
"705","Tunisia",15,"FW","KHALIL Ahmed",1994-12-21,"KHALIL","Club Africain",187,75,"TUN",23.4794520547945
"706","Tunisia",16,"GK","MATHLOUTHI Aymen",1984-09-14,"MATHLOUTHI .A","Al Batin FC",182,84,"KSA",33.7479452054795
"707","Tunisia",17,"MF","SKHIRI Ellyes",1995-05-10,"SKHIRI JORIS","Montpellier HSC",185,69,"FRA",23.0958904109589
"708","Tunisia",18,"FW","SRARFI Bassem",1997-06-25,"SRARFI","OGC Nice",176,71,"FRA",20.9698630136986
"709","Tunisia",19,"FW","KHALIFA Saber",1986-10-14,"KHALIFA","Club Africain",185,72,"TUN",31.6657534246575
"710","Tunisia",20,"FW","CHAALELI Ghaylen",1994-02-28,"CHAALELI","ES Tunis",179,70,"TUN",24.2904109589041
"711","Tunisia",21,"DF","NAGUEZ Hamdi",1992-10-28,"NAGUEZ","Zamalek",186,75,"EGY",25.627397260274
"712","Tunisia",22,"GK","HASSEN Mouez",1995-03-05,"HASSEN","LB Chateauroux",186,70,"FRA",23.2767123287671
"713","Tunisia",23,"FW","SLITI Naim",1992-07-27,"SLITI","Dijon FCO",173,65,"FRA",25.8821917808219
"714","Uruguay",1,"GK","MUSLERA Fernando",1986-06-16,"F. MUSLERA","Galatasaray SK",190,74,"TUR",31.9945205479452
"715","Uruguay",2,"DF","GIMENEZ Jose",1995-01-20,"J.M. GIMENEZ","Atletico Madrid",185,77,"ESP",23.3972602739726
"716","Uruguay",3,"DF","GODIN Diego",1986-02-16,"D. GODIN","Atletico Madrid",185,73,"ESP",32.3232876712329
"717","Uruguay",4,"DF","VARELA Guillermo",1993-03-24,"G. VARELA","CA Penarol",173,70,"URU",25.2246575342466
"718","Uruguay",5,"MF","SANCHEZ Carlos",1984-12-02,"C. SANCHEZ","CF Monterrey",171,74,"MEX",33.5315068493151
"719","Uruguay",6,"MF","BENTANCUR Rodrigo",1997-06-25,"R. BENTANCUR","Juventus FC",187,73,"ITA",20.9698630136986
"720","Uruguay",7,"MF","RODRIGUEZ Cristian",1985-09-30,"C. RODRIGUEZ","CA Penarol",178,79,"URU",32.7041095890411
"721","Uruguay",8,"MF","NANDEZ Nahitan",1995-12-28,"N. NANDEZ","CA Boca Juniors",171,61,"ARG",22.4602739726027
"722","Uruguay",9,"FW","SUAREZ Luis",1987-01-24,"L. SUAREZ","FC Barcelona",182,85,"ESP",31.386301369863
"723","Uruguay",10,"FW","DE ARRASCAETA Giorgian",1994-06-01,"G. DE ARRASCAETA","Cruzeiro EC",172,64,"BRA",24.0356164383562
"724","Uruguay",11,"FW","STUANI Cristhian",1986-10-12,"C. STUANI","Girona FC",186,78,"ESP",31.6712328767123
"725","Uruguay",12,"GK","CAMPANA Martin",1989-05-29,"M. CAMPAÑA","CA Independiente",184,79,"ARG",29.0438356164384
"726","Uruguay",13,"DF","SILVA Gaston",1994-03-05,"G. SILVA","CA Independiente",185,74,"ARG",24.2767123287671
"727","Uruguay",14,"MF","TORREIRA Lucas",1996-02-11,"L. TORREIRA","UC Sampdoria",168,61,"ITA",22.3369863013699
"728","Uruguay",15,"MF","VECINO Matias",1991-08-24,"M. VECINO","FC Internazionale",189,80,"ITA",26.8054794520548
"729","Uruguay",16,"DF","PEREIRA Maximiliano",1984-06-08,"M. PEREIRA","FC Porto",173,73,"POR",34.0164383561644
"730","Uruguay",17,"MF","LAXALT Diego",1993-02-07,"D. LAXALT","Genoa CFC",178,66,"ITA",25.3479452054795
"731","Uruguay",18,"FW","GOMEZ Maximiliano",1996-08-14,"M. GOMEZ","Celta Vigo",186,85,"ESP",21.8328767123288
"732","Uruguay",19,"DF","COATES Sebastian",1990-10-07,"S. COATES","Sporting CP",196,89,"POR",27.6849315068493
"733","Uruguay",20,"FW","URRETAVISCAYA Jonathan",1990-03-19,"J. URRETAVISCAYA","CF Monterrey",172,66,"MEX",28.2383561643836
"734","Uruguay",21,"FW","CAVANI Edinson",1987-02-14,"E. CAVANI","Paris Saint-Germain FC",188,78,"FRA",31.3287671232877
"735","Uruguay",22,"DF","CACERES Martin",1987-04-07,"M. CACERES","SS Lazio",178,75,"ITA",31.186301369863
"736","Uruguay",23,"GK","SILVA Martin",1983-03-25,"M. SILVA","CR Vasco da Gama",187,82,"BRA",35.2219178082192
