"","date","home_team","away_team","home_score","away_score","tournament","city","country","neutral"
"1","2015-03-12","Cambodia","Macau",3,0,"FIFA World Cup qualification","Phnom Penh","Cambodia",FALSE
"2","2015-03-12","East Timor","Mongolia",0,3,"FIFA World Cup qualification","Dili","East Timor",FALSE
"3","2015-03-12","India","Nepal",2,0,"FIFA World Cup qualification","Guwahati","India",FALSE
"4","2015-03-12","Sri Lanka","Bhutan",0,1,"FIFA World Cup qualification","Colombo","Sri Lanka",FALSE
"5","2015-03-12","Yemen","Pakistan",3,1,"FIFA World Cup qualification","Doha","Qatar",TRUE
"6","2015-03-17","Bhutan","Sri Lanka",2,1,"FIFA World Cup qualification","Thimphu","Bhutan",FALSE
"7","2015-03-17","Brunei","Taiwan",0,2,"FIFA World Cup qualification","Bandar Seri Begawan","Brunei",FALSE
"8","2015-03-17","Macau","Cambodia",1,1,"FIFA World Cup qualification","Taipa","Macau",FALSE
"9","2015-03-17","Mongolia","East Timor",3,0,"FIFA World Cup qualification","Ulan Bator","Mongolia",FALSE
"10","2015-03-17","Nepal","India",0,0,"FIFA World Cup qualification","Kathmandu","Nepal",FALSE
"11","2015-03-22","Barbados","Virgin Islands",0,1,"FIFA World Cup qualification","Bridgetown","Barbados",FALSE
"12","2015-03-23","Pakistan","Yemen",0,0,"FIFA World Cup qualification","Isa Town","Bahrain",TRUE
"13","2015-03-26","Virgin Islands","Barbados",0,4,"FIFA World Cup qualification","Charlotte Amalie","Virgin Islands",FALSE
"14","2015-03-27","Curaçao","Montserrat",2,1,"FIFA World Cup qualification","Willemstad","Curaçao",FALSE
"15","2015-03-29","Anguilla","Nicaragua",0,3,"FIFA World Cup qualification","The Valley","Anguilla",FALSE
"16","2015-03-29","Bermuda","Bahamas",3,0,"FIFA World Cup qualification","Hamilton","Bermuda",FALSE
"17","2015-03-29","Dominica","British Virgin Islands",0,0,"FIFA World Cup qualification","Roseau","Dominica",FALSE
"18","2015-03-31","Montserrat","Curaçao",2,2,"FIFA World Cup qualification","Lookout","Montserrat",FALSE
"19","2015-05-24","Thailand","Vietnam",1,0,"FIFA World Cup qualification","Bangkok","Thailand",FALSE
"20","2015-06-10","Curaçao","Cuba",0,0,"FIFA World Cup qualification","Willemstad","Curaçao",FALSE
"21","2015-06-11","Afghanistan","Syria",0,6,"FIFA World Cup qualification","Mashhad","Iran",TRUE
"22","2015-06-11","Bangladesh","Kyrgyzstan",1,3,"FIFA World Cup qualification","Dhaka","Bangladesh",FALSE
"23","2015-06-11","Cambodia","Singapore",0,4,"FIFA World Cup qualification","Phnom Penh","Cambodia",FALSE
"24","2015-06-11","Dominican Republic","Belize",1,2,"FIFA World Cup qualification","Santo Domingo","Dominican Republic",FALSE
"25","2015-06-11","Guam","Turkmenistan",1,0,"FIFA World Cup qualification","Dededo","Guam",FALSE
"26","2015-06-11","Hong Kong","Bhutan",7,0,"FIFA World Cup qualification","Kowloon","Hong Kong",FALSE
"27","2015-06-11","India","Oman",1,2,"FIFA World Cup qualification","Bangalore","India",FALSE
"28","2015-06-11","Laos","Burma",2,2,"FIFA World Cup qualification","Vientiane","Laos",FALSE
"29","2015-06-11","Lebanon","Kuwait",0,1,"FIFA World Cup qualification","Sidon","Lebanon",FALSE
"30","2015-06-11","Malaysia","East Timor",3,0,"FIFA World Cup qualification","Kuala Lumpur","Malaysia",FALSE
"31","2015-06-11","Maldives","Qatar",0,1,"FIFA World Cup qualification","Malé","Maldives",FALSE
"32","2015-06-11","Philippines","Bahrain",2,1,"FIFA World Cup qualification","Bocaue","Philippines",FALSE
"33","2015-06-11","Saudi Arabia","Palestine",3,2,"FIFA World Cup qualification","Dammam","Saudi Arabia",FALSE
"34","2015-06-11","Tajikistan","Jordan",1,3,"FIFA World Cup qualification","Dushanbe","Tajikistan",FALSE
"35","2015-06-11","Yemen","Korea DPR",0,3,"FIFA World Cup qualification","Doha","Qatar",TRUE
"36","2015-06-14","Barbados","Aruba",0,3,"FIFA World Cup qualification","Bridgetown","Barbados",FALSE
"37","2015-06-14","Cuba","Curaçao",1,1,"FIFA World Cup qualification","Havana","Cuba",FALSE
"38","2015-06-16","Bangladesh","Tajikistan",1,1,"FIFA World Cup qualification","Dhaka","Bangladesh",FALSE
"39","2015-06-16","Bhutan","China",0,6,"FIFA World Cup qualification","Thimphu","Bhutan",FALSE
"40","2015-06-16","Burma","Korea Republic",0,2,"FIFA World Cup qualification","Bangkok","Thailand",TRUE
"41","2015-06-16","Cambodia","Afghanistan",0,1,"FIFA World Cup qualification","Phnom Penh","Cambodia",FALSE
"42","2015-06-16","East Timor","United Arab Emirates",0,3,"FIFA World Cup qualification","Shah Alam","Malaysia",TRUE
"43","2015-06-16","Grenada","Puerto Rico",2,0,"FIFA World Cup qualification","St. George's","Grenada",FALSE
"44","2015-06-16","Guam","India",2,1,"FIFA World Cup qualification","Dededo","Guam",FALSE
"45","2015-06-16","Hong Kong","Maldives",2,0,"FIFA World Cup qualification","Kowloon","Hong Kong",FALSE
"46","2015-06-16","Japan","Singapore",0,0,"FIFA World Cup qualification","Saitama","Japan",FALSE
"47","2015-06-16","Korea DPR","Uzbekistan",4,2,"FIFA World Cup qualification","P'yŏngyang","Korea DPR",FALSE
"48","2015-06-16","Kyrgyzstan","Australia",1,2,"FIFA World Cup qualification","Bishkek","Kyrgyzstan",FALSE
"49","2015-06-16","Laos","Lebanon",0,2,"FIFA World Cup qualification","Vientiane","Laos",FALSE
"50","2015-06-16","Malaysia","Palestine",0,6,"FIFA World Cup qualification","Kuala Lumpur","Malaysia",FALSE
"51","2015-06-16","Suriname","Nicaragua",1,3,"FIFA World Cup qualification","Paramaribo","Suriname",FALSE
"52","2015-06-16","Turkmenistan","Iran",1,1,"FIFA World Cup qualification","Daşoguz","Turkmenistan",FALSE
"53","2015-06-16","Yemen","Philippines",0,2,"FIFA World Cup qualification","Doha","Qatar",TRUE
"54","2015-09-03","Australia","Bangladesh",5,0,"FIFA World Cup qualification","Perth","Australia",FALSE
"55","2015-09-03","Bahrain","Korea DPR",0,1,"FIFA World Cup qualification","Riffa","Bahrain",FALSE
"56","2015-09-03","China","Hong Kong",0,0,"FIFA World Cup qualification","Shenzhen","China",FALSE
"57","2015-09-03","Iran","Guam",6,0,"FIFA World Cup qualification","Teheran","Iran",FALSE
"58","2015-09-03","Iraq","Taiwan",5,1,"FIFA World Cup qualification","Teheran","Iran",TRUE
"59","2015-09-03","Japan","Cambodia",3,0,"FIFA World Cup qualification","Saitama","Japan",FALSE
"60","2015-09-03","Jordan","Kyrgyzstan",0,0,"FIFA World Cup qualification","Irbid","Jordan",FALSE
"61","2015-09-03","Korea Republic","Laos",8,0,"FIFA World Cup qualification","Hwaseong","Korea Republic",FALSE
"62","2015-09-03","Kuwait","Burma",9,0,"FIFA World Cup qualification","Doha","Qatar",TRUE
"63","2015-09-03","Oman","Turkmenistan",3,1,"FIFA World Cup qualification","Seeb","Oman",FALSE
"64","2015-09-03","Qatar","Bhutan",15,0,"FIFA World Cup qualification","Doha","Qatar",FALSE
"65","2015-09-03","Saudi Arabia","East Timor",7,0,"FIFA World Cup qualification","Jeddah","Saudi Arabia",FALSE
"66","2015-09-03","Syria","Singapore",1,0,"FIFA World Cup qualification","Muscat","Oman",TRUE
"67","2015-09-03","United Arab Emirates","Malaysia",10,0,"FIFA World Cup qualification","Abu Dhabi","United Arab Emirates",FALSE
"68","2015-09-03","Uzbekistan","Yemen",1,0,"FIFA World Cup qualification","Tashkent","Uzbekistan",FALSE
"69","2015-09-04","Curaçao","El Salvador",0,1,"FIFA World Cup qualification","Willemstad","Curaçao",FALSE
"70","2015-09-04","Grenada","Haiti",1,3,"FIFA World Cup qualification","St. George's","Grenada",FALSE
"71","2015-09-08","Afghanistan","Japan",0,6,"FIFA World Cup qualification","Teheran","Iran",TRUE
"72","2015-09-08","Bangladesh","Jordan",0,4,"FIFA World Cup qualification","Dhaka","Bangladesh",FALSE
"73","2015-09-08","Cambodia","Syria",0,6,"FIFA World Cup qualification","Phnom Penh","Cambodia",FALSE
"74","2015-09-08","China","Maldives",3,0,"FIFA World Cup qualification","Shenyang","China",FALSE
"75","2015-09-08","El Salvador","Curaçao",1,0,"FIFA World Cup qualification","San Salvador","El Salvador",FALSE
"76","2015-09-08","Guam","Oman",0,0,"FIFA World Cup qualification","Dededo","Guam",FALSE
"77","2015-09-08","Hong Kong","Qatar",2,3,"FIFA World Cup qualification","Kowloon","Hong Kong",FALSE
"78","2015-09-08","India","Iran",0,3,"FIFA World Cup qualification","Bangalore","India",FALSE
"79","2015-09-08","Laos","Kuwait",0,2,"FIFA World Cup qualification","Vientiane","Laos",FALSE
"80","2015-09-08","Lebanon","Korea Republic",0,3,"FIFA World Cup qualification","Sidon","Lebanon",FALSE
"81","2015-09-08","Malaysia","Saudi Arabia",0,3,"FIFA World Cup qualification","Shah Alam","Malaysia",FALSE
"82","2015-09-08","Palestine","United Arab Emirates",0,0,"FIFA World Cup qualification","al-Ramm","Palestine",FALSE
"83","2015-09-08","Philippines","Uzbekistan",1,5,"FIFA World Cup qualification","Bocaue","Philippines",FALSE
"84","2015-09-08","Tajikistan","Australia",0,3,"FIFA World Cup qualification","Dushanbe","Tajikistan",FALSE
"85","2015-09-08","Thailand","Iraq",2,2,"FIFA World Cup qualification","Bangkok","Thailand",FALSE
"86","2015-09-08","Yemen","Bahrain",0,4,"FIFA World Cup qualification","Doha","Qatar",TRUE
"87","2015-10-07","Comoros","Lesotho",0,0,"FIFA World Cup qualification","Moroni","Comoros",FALSE
"88","2015-10-07","Mauritius","Kenya",2,5,"FIFA World Cup qualification","Mapou","Mauritius",FALSE
"89","2015-10-07","Seychelles","Burundi",0,1,"FIFA World Cup qualification","Roche Caiman","Seychelles",FALSE
"90","2015-10-07","South Sudan","Mauritania",1,1,"FIFA World Cup qualification","Juba","South Sudan",FALSE
"91","2015-10-07","Tanzania","Malawi",2,0,"FIFA World Cup qualification","Dar es Salaam","Tanzania",FALSE
"92","2015-10-08","Argentina","Ecuador",0,2,"FIFA World Cup qualification","Buenos Aires","Argentina",FALSE
"93","2015-10-08","Bahrain","Uzbekistan",0,4,"FIFA World Cup qualification","Riffa","Bahrain",FALSE
"94","2015-10-08","Bhutan","Maldives",3,4,"FIFA World Cup qualification","Thimphu","Bhutan",FALSE
"95","2015-10-08","Bolivia","Uruguay",0,0,"FIFA World Cup qualification","La Paz","Bolivia",FALSE
"96","2015-10-08","Burma","Lebanon",0,2,"FIFA World Cup qualification","Bangkok","Thailand",TRUE
"97","2015-10-08","Chile","Brazil",2,0,"FIFA World Cup qualification","Santiago","Chile",FALSE
"98","2015-10-08","Colombia","Peru",2,0,"FIFA World Cup qualification","Barranquilla","Colombia",FALSE
"99","2015-10-08","East Timor","Palestine",0,3,"FIFA World Cup qualification","Dili","East Timor",FALSE
"100","2015-10-08","Jordan","Australia",2,0,"FIFA World Cup qualification","Amman","Jordan",FALSE
"101","2015-10-08","Korea DPR","Philippines",0,0,"FIFA World Cup qualification","P'yŏngyang","Korea DPR",FALSE
"102","2015-10-08","Kuwait","Korea Republic",0,1,"FIFA World Cup qualification","Kuwait City","Kuwait",FALSE
"103","2015-10-08","Kyrgyzstan","Tajikistan",2,2,"FIFA World Cup qualification","Bishkek","Kyrgyzstan",FALSE
"104","2015-10-08","Liberia","Guinea-Bissau",1,1,"FIFA World Cup qualification","Monrovia","Liberia",FALSE
"105","2015-10-08","Oman","Iran",1,1,"FIFA World Cup qualification","Muscat","Oman",FALSE
"106","2015-10-08","Qatar","China",1,0,"FIFA World Cup qualification","Doha","Qatar",FALSE
"107","2015-10-08","São Tomé and Príncipe","Ethiopia",1,0,"FIFA World Cup qualification","São Tomé","São Tomé and Príncipe",FALSE
"108","2015-10-08","Saudi Arabia","United Arab Emirates",2,1,"FIFA World Cup qualification","Jeddah","Saudi Arabia",FALSE
"109","2015-10-08","Singapore","Afghanistan",1,0,"FIFA World Cup qualification","Kallang","Singapore",FALSE
"110","2015-10-08","Syria","Japan",0,3,"FIFA World Cup qualification","Seeb","Oman",TRUE
"111","2015-10-08","Turkmenistan","India",2,1,"FIFA World Cup qualification","Ashgabat","Turkmenistan",FALSE
"112","2015-10-08","Venezuela","Paraguay",0,1,"FIFA World Cup qualification","Ciudad Guayana","Venezuela",FALSE
"113","2015-10-08","Vietnam","Iraq",1,1,"FIFA World Cup qualification","Hanoi","Vietnam",FALSE
"114","2015-10-09","Djibouti","Swaziland",0,6,"FIFA World Cup qualification","Djibouti","Djibouti",FALSE
"115","2015-10-09","Gambia","Namibia",1,1,"FIFA World Cup qualification","Bakau","Gambia",FALSE
"116","2015-10-09","Somalia","Niger",0,2,"FIFA World Cup qualification","Addis Abeba","Ethiopia",TRUE
"117","2015-10-10","Chad","Sierra Leone",1,0,"FIFA World Cup qualification","N'Djamena","Chad",FALSE
"118","2015-10-10","Eritrea","Botswana",0,2,"FIFA World Cup qualification","Asmara","Eritrea",FALSE
"119","2015-10-10","Madagascar","Central African Republic",3,0,"FIFA World Cup qualification","Antananarivo","Madagascar",FALSE
"120","2015-10-11","Ethiopia","São Tomé and Príncipe",3,0,"FIFA World Cup qualification","Addis Abeba","Ethiopia",FALSE
"121","2015-10-11","Kenya","Mauritius",0,0,"FIFA World Cup qualification","Nairobi","Kenya",FALSE
"122","2015-10-11","Malawi","Tanzania",1,0,"FIFA World Cup qualification","Blantyre","Malawi",FALSE
"123","2015-10-13","Bahrain","Philippines",2,0,"FIFA World Cup qualification","Riffa","Bahrain",FALSE
"124","2015-10-13","Bhutan","Hong Kong",0,1,"FIFA World Cup qualification","Thimphu","Bhutan",FALSE
"125","2015-10-13","Botswana","Eritrea",3,1,"FIFA World Cup qualification","Francistown","Botswana",FALSE
"126","2015-10-13","Brazil","Venezuela",3,1,"FIFA World Cup qualification","Fortaleza","Brazil",FALSE
"127","2015-10-13","Burma","Laos",3,1,"FIFA World Cup qualification","Bangkok","Thailand",TRUE
"128","2015-10-13","Burundi","Seychelles",2,0,"FIFA World Cup qualification","Bujumbura","Burundi",FALSE
"129","2015-10-13","East Timor","Malaysia",0,3,"FIFA World Cup qualification","Dili","East Timor",FALSE
"130","2015-10-13","Ecuador","Bolivia",2,0,"FIFA World Cup qualification","Quito","Ecuador",FALSE
"131","2015-10-13","Guinea-Bissau","Liberia",1,3,"FIFA World Cup qualification","Bissau","Guinea-Bissau",FALSE
"132","2015-10-13","Jordan","Tajikistan",3,0,"FIFA World Cup qualification","Irbid","Jordan",FALSE
"133","2015-10-13","Korea DPR","Yemen",1,0,"FIFA World Cup qualification","P'yŏngyang","Korea DPR",FALSE
"134","2015-10-13","Kuwait","Lebanon",0,0,"FIFA World Cup qualification","Kuwait City","Kuwait",FALSE
"135","2015-10-13","Kyrgyzstan","Bangladesh",2,0,"FIFA World Cup qualification","Bishkek","Kyrgyzstan",FALSE
"136","2015-10-13","Lesotho","Comoros",1,1,"FIFA World Cup qualification","Maseru","Lesotho",FALSE
"137","2015-10-13","Madagascar","Central African Republic",2,2,"FIFA World Cup qualification","Antananarivo","Madagascar",FALSE
"138","2015-10-13","Mauritania","South Sudan",4,0,"FIFA World Cup qualification","Nouakchott","Mauritania",FALSE
"139","2015-10-13","Namibia","Gambia",2,1,"FIFA World Cup qualification","Windhoek","Namibia",FALSE
"140","2015-10-13","Niger","Somalia",4,0,"FIFA World Cup qualification","Niamey","Niger",FALSE
"141","2015-10-13","Oman","India",3,0,"FIFA World Cup qualification","Muscat","Oman",FALSE
"142","2015-10-13","Paraguay","Argentina",0,0,"FIFA World Cup qualification","Asunción","Paraguay",FALSE
"143","2015-10-13","Peru","Chile",3,4,"FIFA World Cup qualification","Lima","Peru",FALSE
"144","2015-10-13","Qatar","Maldives",4,0,"FIFA World Cup qualification","Doha","Qatar",FALSE
"145","2015-10-13","Sierra Leone","Chad",2,1,"FIFA World Cup qualification","Port Harcourt","Nigeria",TRUE
"146","2015-10-13","Singapore","Cambodia",2,1,"FIFA World Cup qualification","Kallang","Singapore",FALSE
"147","2015-10-13","Syria","Afghanistan",5,2,"FIFA World Cup qualification","Seeb","Oman",TRUE
"148","2015-10-13","Turkmenistan","Guam",1,0,"FIFA World Cup qualification","Ashgabat","Turkmenistan",FALSE
"149","2015-10-13","Uruguay","Colombia",3,0,"FIFA World Cup qualification","Montevideo","Uruguay",FALSE
"150","2015-10-13","Vietnam","Thailand",0,3,"FIFA World Cup qualification","Hanoi","Vietnam",FALSE
"151","2015-10-17","Swaziland","Djibouti",2,1,"FIFA World Cup qualification","Lobamba","Swaziland",FALSE
"152","2015-11-09","Palestine","Saudi Arabia",0,0,"FIFA World Cup qualification","Amman","Jordan",TRUE
"153","2015-11-11","Mozambique","Gabon",1,0,"FIFA World Cup qualification","Maputo","Mozambique",FALSE
"154","2015-11-11","Sudan","Zambia",0,1,"FIFA World Cup qualification","Khartoum","Sudan",FALSE
"155","2015-11-12","Afghanistan","Cambodia",3,0,"FIFA World Cup qualification","Teheran","Iran",TRUE
"156","2015-11-12","Australia","Kyrgyzstan",3,0,"FIFA World Cup qualification","Canberra","Australia",FALSE
"157","2015-11-12","Benin","Burkina Faso",2,1,"FIFA World Cup qualification","Cotonou","Benin",FALSE
"158","2015-11-12","Bolivia","Venezuela",4,2,"FIFA World Cup qualification","La Paz","Bolivia",FALSE
"159","2015-11-12","Burundi","Congo DR",2,3,"FIFA World Cup qualification","Bujumbura","Burundi",FALSE
"160","2015-11-12","Chile","Colombia",1,1,"FIFA World Cup qualification","Santiago","Chile",FALSE
"161","2015-11-12","China","Bhutan",12,0,"FIFA World Cup qualification","Changsha","China",FALSE
"162","2015-11-12","Ecuador","Uruguay",2,1,"FIFA World Cup qualification","Quito","Ecuador",FALSE
"163","2015-11-12","India","Guam",1,0,"FIFA World Cup qualification","Bangalore","India",FALSE
"164","2015-11-12","Iran","Turkmenistan",3,1,"FIFA World Cup qualification","Teheran","Iran",FALSE
"165","2015-11-12","Korea Republic","Burma",4,0,"FIFA World Cup qualification","Suwon","Korea Republic",FALSE
"166","2015-11-12","Lebanon","Laos",7,0,"FIFA World Cup qualification","Sidon","Lebanon",FALSE
"167","2015-11-12","Maldives","Hong Kong",0,1,"FIFA World Cup qualification","Malé","Maldives",FALSE
"168","2015-11-12","Morocco","Equatorial Guinea",2,0,"FIFA World Cup qualification","Agadir","Morocco",FALSE
"169","2015-11-12","Namibia","Guinea",0,1,"FIFA World Cup qualification","Windhoek","Namibia",FALSE
"170","2015-11-12","Palestine","Malaysia",6,0,"FIFA World Cup qualification","Amman","Jordan",TRUE
"171","2015-11-12","Philippines","Yemen",0,1,"FIFA World Cup qualification","Manila","Philippines",FALSE
"172","2015-11-12","Singapore","Japan",0,3,"FIFA World Cup qualification","Kallang","Singapore",FALSE
"173","2015-11-12","Tajikistan","Bangladesh",5,0,"FIFA World Cup qualification","Dushanbe","Tajikistan",FALSE
"174","2015-11-12","Thailand","Taiwan",4,2,"FIFA World Cup qualification","Bangkok","Thailand",FALSE
"175","2015-11-12","Togo","Uganda",0,1,"FIFA World Cup qualification","Lomé","Togo",FALSE
"176","2015-11-12","United Arab Emirates","East Timor",8,0,"FIFA World Cup qualification","Abu Dhabi","United Arab Emirates",FALSE
"177","2015-11-12","Uzbekistan","Korea DPR",3,1,"FIFA World Cup qualification","Tashkent","Uzbekistan",FALSE
"178","2015-11-13","Angola","South Africa",1,3,"FIFA World Cup qualification","Benguela","Angola",FALSE
"179","2015-11-13","Argentina","Brazil",1,1,"FIFA World Cup qualification","Buenos Aires","Argentina",FALSE
"180","2015-11-13","Comoros","Ghana",0,0,"FIFA World Cup qualification","Mitsamiouli","Comoros",FALSE
"181","2015-11-13","Costa Rica","Haiti",1,0,"FIFA World Cup qualification","San José","Costa Rica",FALSE
"182","2015-11-13","Kenya","Cape Verde",1,0,"FIFA World Cup qualification","Nairobi","Kenya",FALSE
"183","2015-11-13","Liberia","Ivory Coast",0,1,"FIFA World Cup qualification","Monrovia","Liberia",FALSE
"184","2015-11-13","Libya","Rwanda",1,0,"FIFA World Cup qualification","Sfax","Tunisia",TRUE
"185","2015-11-13","Madagascar","Senegal",2,2,"FIFA World Cup qualification","Antananarivo","Madagascar",FALSE
"186","2015-11-13","Mauritania","Tunisia",1,2,"FIFA World Cup qualification","Nouakchott","Mauritania",FALSE
"187","2015-11-13","Niger","Cameroon",0,3,"FIFA World Cup qualification","Niamey","Niger",FALSE
"188","2015-11-13","Peru","Paraguay",1,0,"FIFA World Cup qualification","Lima","Peru",FALSE
"189","2015-11-13","Swaziland","Nigeria",0,0,"FIFA World Cup qualification","Lobamba","Swaziland",FALSE
"190","2015-11-14","Botswana","Mali",2,1,"FIFA World Cup qualification","Francistown","Botswana",FALSE
"191","2015-11-14","Chad","Egypt",1,0,"FIFA World Cup qualification","N'Djamena","Chad",FALSE
"192","2015-11-14","Ethiopia","Congo",3,4,"FIFA World Cup qualification","Addis Abeba","Ethiopia",FALSE
"193","2015-11-14","Gabon","Mozambique",1,0,"FIFA World Cup qualification","Libreville","Gabon",FALSE
"194","2015-11-14","Tanzania","Algeria",2,2,"FIFA World Cup qualification","Dar es Salaam","Tanzania",FALSE
"195","2015-11-15","Congo DR","Burundi",3,0,"FIFA World Cup qualification","Kinshasa","Congo DR",FALSE
"196","2015-11-15","Equatorial Guinea","Morocco",1,0,"FIFA World Cup qualification","Bata","Equatorial Guinea",FALSE
"197","2015-11-15","Guinea","Namibia",2,0,"FIFA World Cup qualification","Casablanca","Morocco",TRUE
"198","2015-11-15","Uganda","Togo",3,0,"FIFA World Cup qualification","Kampala","Uganda",FALSE
"199","2015-11-15","Zambia","Sudan",2,0,"FIFA World Cup qualification","Ndola","Zambia",FALSE
"200","2015-11-17","Algeria","Tanzania",7,0,"FIFA World Cup qualification","Blida","Algeria",FALSE
"201","2015-11-17","Bangladesh","Australia",0,4,"FIFA World Cup qualification","Dhaka","Bangladesh",FALSE
"202","2015-11-17","Bhutan","Qatar",0,3,"FIFA World Cup qualification","Thimphu","Bhutan",FALSE
"203","2015-11-17","Brazil","Peru",3,0,"FIFA World Cup qualification","Salvador","Brazil",FALSE
"204","2015-11-17","Burkina Faso","Benin",2,0,"FIFA World Cup qualification","Ouagadougou","Burkina Faso",FALSE
"205","2015-11-17","Burma","Kuwait",3,0,"FIFA World Cup qualification","Bangkok","Thailand",TRUE
"206","2015-11-17","Cambodia","Japan",0,2,"FIFA World Cup qualification","Phnom Penh","Cambodia",FALSE
"207","2015-11-17","Cameroon","Niger",0,0,"FIFA World Cup qualification","Yaoundé","Cameroon",FALSE
"208","2015-11-17","Cape Verde","Kenya",2,0,"FIFA World Cup qualification","Praia","Cape Verde",FALSE
"209","2015-11-17","Colombia","Argentina",0,1,"FIFA World Cup qualification","Barranquilla","Colombia",FALSE
"210","2015-11-17","Congo","Ethiopia",2,1,"FIFA World Cup qualification","Brazzaville","Congo",FALSE
"211","2015-11-17","East Timor","Saudi Arabia",0,10,"FIFA World Cup qualification","Dili","East Timor",FALSE
"212","2015-11-17","Egypt","Chad",4,0,"FIFA World Cup qualification","Alexandria","Egypt",FALSE
"213","2015-11-17","Ghana","Comoros",2,0,"FIFA World Cup qualification","Kumasi","Ghana",FALSE
"214","2015-11-17","Guam","Iran",0,6,"FIFA World Cup qualification","Dededo","Guam",FALSE
"215","2015-11-17","Honduras","Mexico",0,2,"FIFA World Cup qualification","San Pedro Sula","Honduras",FALSE
"216","2015-11-17","Hong Kong","China",0,0,"FIFA World Cup qualification","Kowloon","Hong Kong",FALSE
"217","2015-11-17","Ivory Coast","Liberia",3,0,"FIFA World Cup qualification","Abidjan","Ivory Coast",FALSE
"218","2015-11-17","Korea DPR","Bahrain",2,0,"FIFA World Cup qualification","P'yŏngyang","Korea DPR",FALSE
"219","2015-11-17","Kyrgyzstan","Jordan",1,0,"FIFA World Cup qualification","Bishkek","Kyrgyzstan",FALSE
"220","2015-11-17","Laos","Korea Republic",0,5,"FIFA World Cup qualification","Vientiane","Laos",FALSE
"221","2015-11-17","Malaysia","United Arab Emirates",1,2,"FIFA World Cup qualification","Shah Alam","Malaysia",FALSE
"222","2015-11-17","Mali","Botswana",2,0,"FIFA World Cup qualification","Bamako","Mali",FALSE
"223","2015-11-17","Nigeria","Swaziland",2,0,"FIFA World Cup qualification","Port Harcourt","Nigeria",FALSE
"224","2015-11-17","Paraguay","Bolivia",2,1,"FIFA World Cup qualification","Asunción","Paraguay",FALSE
"225","2015-11-17","Rwanda","Libya",1,3,"FIFA World Cup qualification","Kigali","Rwanda",FALSE
"226","2015-11-17","Senegal","Madagascar",3,0,"FIFA World Cup qualification","Dakar","Senegal",FALSE
"227","2015-11-17","Singapore","Syria",1,2,"FIFA World Cup qualification","Kallang","Singapore",FALSE
"228","2015-11-17","South Africa","Angola",1,0,"FIFA World Cup qualification","Durban","South Africa",FALSE
"229","2015-11-17","Tunisia","Mauritania",2,1,"FIFA World Cup qualification","Radès","Tunisia",FALSE
"230","2015-11-17","Turkmenistan","Oman",2,1,"FIFA World Cup qualification","Ashgabat","Turkmenistan",FALSE
"231","2015-11-17","Uruguay","Chile",3,0,"FIFA World Cup qualification","Montevideo","Uruguay",FALSE
"232","2015-11-17","Venezuela","Ecuador",1,3,"FIFA World Cup qualification","Ciudad Guayana","Venezuela",FALSE
"233","2015-11-17","Yemen","Uzbekistan",1,3,"FIFA World Cup qualification","Doha","Qatar",TRUE
"234","2016-03-24","Australia","Tajikistan",7,0,"FIFA World Cup qualification","Adelaide","Australia",FALSE
"235","2016-03-24","Bahrain","Yemen",3,0,"FIFA World Cup qualification","Riffa","Bahrain",FALSE
"236","2016-03-24","Bolivia","Colombia",2,3,"FIFA World Cup qualification","La Paz","Bolivia",FALSE
"237","2016-03-24","Chile","Argentina",1,2,"FIFA World Cup qualification","Santiago","Chile",FALSE
"238","2016-03-24","China","Maldives",4,0,"FIFA World Cup qualification","Wuhan","China",FALSE
"239","2016-03-24","Ecuador","Paraguay",2,2,"FIFA World Cup qualification","Quito","Ecuador",FALSE
"240","2016-03-24","Iran","India",4,0,"FIFA World Cup qualification","Teheran","Iran",FALSE
"241","2016-03-24","Iraq","Thailand",2,2,"FIFA World Cup qualification","Teheran","Iran",TRUE
"242","2016-03-24","Japan","Afghanistan",5,0,"FIFA World Cup qualification","Saitama","Japan",FALSE
"243","2016-03-24","Jordan","Bangladesh",8,0,"FIFA World Cup qualification","Amman","Jordan",FALSE
"244","2016-03-24","Korea Republic","Lebanon",1,0,"FIFA World Cup qualification","Ansan","Korea Republic",FALSE
"245","2016-03-24","Oman","Guam",1,0,"FIFA World Cup qualification","Muscat","Oman",FALSE
"246","2016-03-24","Peru","Venezuela",2,2,"FIFA World Cup qualification","Lima","Peru",FALSE
"247","2016-03-24","Qatar","Hong Kong",2,0,"FIFA World Cup qualification","Doha","Qatar",FALSE
"248","2016-03-24","Saudi Arabia","Malaysia",2,0,"FIFA World Cup qualification","Jeddah","Saudi Arabia",FALSE
"249","2016-03-24","Syria","Cambodia",6,0,"FIFA World Cup qualification","Seeb","Oman",TRUE
"250","2016-03-24","United Arab Emirates","Palestine",2,0,"FIFA World Cup qualification","Abu Dhabi","United Arab Emirates",FALSE
"251","2016-03-24","Uzbekistan","Philippines",1,0,"FIFA World Cup qualification","Tashkent","Uzbekistan",FALSE
"252","2016-03-24","Vietnam","Taiwan",4,1,"FIFA World Cup qualification","Hanoi","Vietnam",FALSE
"253","2016-03-25","Brazil","Uruguay",2,2,"FIFA World Cup qualification","Recife","Brazil",FALSE
"254","2016-03-25","Canada","Mexico",0,3,"FIFA World Cup qualification","Vancouver","Canada",FALSE
"255","2016-03-25","El Salvador","Honduras",2,2,"FIFA World Cup qualification","San Salvador","El Salvador",FALSE
"256","2016-03-25","Guatemala","USA",2,0,"FIFA World Cup qualification","Guatemala","Guatemala",FALSE
"257","2016-03-25","Haiti","Panama",0,0,"FIFA World Cup qualification","Port-au-Prince","Haiti",FALSE
"258","2016-03-25","Jamaica","Costa Rica",1,1,"FIFA World Cup qualification","Kingston","Jamaica",FALSE
"259","2016-03-29","Afghanistan","Singapore",2,1,"FIFA World Cup qualification","Teheran","Iran",TRUE
"260","2016-03-29","Argentina","Bolivia",2,0,"FIFA World Cup qualification","Córdoba","Argentina",FALSE
"261","2016-03-29","Australia","Jordan",5,1,"FIFA World Cup qualification","Sydney","Australia",FALSE
"262","2016-03-29","China","Qatar",2,0,"FIFA World Cup qualification","Xi'an","China",FALSE
"263","2016-03-29","Colombia","Ecuador",3,0,"FIFA World Cup qualification","Barranquilla","Colombia",FALSE
"264","2016-03-29","Costa Rica","Jamaica",3,0,"FIFA World Cup qualification","San José","Costa Rica",FALSE
"265","2016-03-29","Honduras","El Salvador",2,0,"FIFA World Cup qualification","San Pedro Sula","Honduras",FALSE
"266","2016-03-29","India","Turkmenistan",1,2,"FIFA World Cup qualification","Kochi","India",FALSE
"267","2016-03-29","Iran","Oman",2,0,"FIFA World Cup qualification","Teheran","Iran",FALSE
"268","2016-03-29","Iraq","Vietnam",1,0,"FIFA World Cup qualification","Teheran","Iran",TRUE
"269","2016-03-29","Japan","Syria",5,0,"FIFA World Cup qualification","Saitama","Japan",FALSE
"270","2016-03-29","Lebanon","Burma",1,1,"FIFA World Cup qualification","Sidon","Lebanon",FALSE
"271","2016-03-29","Maldives","Bhutan",4,2,"FIFA World Cup qualification","Malé","Maldives",FALSE
"272","2016-03-29","Mexico","Canada",2,0,"FIFA World Cup qualification","Mexico City","Mexico",FALSE
"273","2016-03-29","Palestine","East Timor",7,0,"FIFA World Cup qualification","Hebron","Palestine",FALSE
"274","2016-03-29","Panama","Haiti",1,0,"FIFA World Cup qualification","Panama City","Panama",FALSE
"275","2016-03-29","Paraguay","Brazil",2,2,"FIFA World Cup qualification","Asunción","Paraguay",FALSE
"276","2016-03-29","Philippines","Korea DPR",3,2,"FIFA World Cup qualification","Manila","Philippines",FALSE
"277","2016-03-29","Tajikistan","Kyrgyzstan",0,1,"FIFA World Cup qualification","Dushanbe","Tajikistan",FALSE
"278","2016-03-29","United Arab Emirates","Saudi Arabia",1,1,"FIFA World Cup qualification","Abu Dhabi","United Arab Emirates",FALSE
"279","2016-03-29","Uruguay","Peru",1,0,"FIFA World Cup qualification","Montevideo","Uruguay",FALSE
"280","2016-03-29","USA","Guatemala",4,0,"FIFA World Cup qualification","Columbus","USA",FALSE
"281","2016-03-29","Uzbekistan","Bahrain",1,0,"FIFA World Cup qualification","Tashkent","Uzbekistan",FALSE
"282","2016-03-29","Venezuela","Chile",1,4,"FIFA World Cup qualification","Barinas","Venezuela",FALSE
"283","2016-09-01","Argentina","Uruguay",1,0,"FIFA World Cup qualification","Mendoza","Argentina",FALSE
"284","2016-09-01","Australia","Iraq",2,0,"FIFA World Cup qualification","Perth","Australia",FALSE
"285","2016-09-01","Bolivia","Peru",0,3,"FIFA World Cup qualification","La Paz","Bolivia",FALSE
"286","2016-09-01","Colombia","Venezuela",2,0,"FIFA World Cup qualification","Barranquilla","Colombia",FALSE
"287","2016-09-01","Ecuador","Brazil",0,3,"FIFA World Cup qualification","Quito","Ecuador",FALSE
"288","2016-09-01","Iran","Qatar",2,0,"FIFA World Cup qualification","Teheran","Iran",FALSE
"289","2016-09-01","Japan","United Arab Emirates",1,2,"FIFA World Cup qualification","Saitama","Japan",FALSE
"290","2016-09-01","Korea Republic","China",3,2,"FIFA World Cup qualification","Seoul","Korea Republic",FALSE
"291","2016-09-01","Paraguay","Chile",2,1,"FIFA World Cup qualification","Asunción","Paraguay",FALSE
"292","2016-09-01","Saudi Arabia","Thailand",1,0,"FIFA World Cup qualification","Riyadh","Saudi Arabia",FALSE
"293","2016-09-01","Uzbekistan","Syria",1,0,"FIFA World Cup qualification","Tashkent","Uzbekistan",FALSE
"294","2016-09-02","El Salvador","Mexico",1,3,"FIFA World Cup qualification","San Salvador","El Salvador",FALSE
"295","2016-09-02","Haiti","Costa Rica",0,1,"FIFA World Cup qualification","Port-au-Prince","Haiti",FALSE
"296","2016-09-02","Honduras","Canada",2,1,"FIFA World Cup qualification","San Pedro Sula","Honduras",FALSE
"297","2016-09-02","Panama","Jamaica",2,0,"FIFA World Cup qualification","Panama City","Panama",FALSE
"298","2016-09-02","St. Vincent and the Grenadines","USA",0,6,"FIFA World Cup qualification","Kingstown","St. Vincent and the Grenadines",FALSE
"299","2016-09-02","Trinidad and Tobago","Guatemala",2,2,"FIFA World Cup qualification","Port of Spain","Trinidad and Tobago",FALSE
"300","2016-09-04","Czech Republic","Northern Ireland",0,0,"FIFA World Cup qualification","Prague","Czech Republic",FALSE
"301","2016-09-04","Denmark","Armenia",1,0,"FIFA World Cup qualification","Copenhagen","Denmark",FALSE
"302","2016-09-04","Kazakhstan","Poland",2,2,"FIFA World Cup qualification","Astana","Kazakhstan",FALSE
"303","2016-09-04","Lithuania","Slovenia",2,2,"FIFA World Cup qualification","Vilnius","Lithuania",FALSE
"304","2016-09-04","Malta","Scotland",1,5,"FIFA World Cup qualification","Attard","Malta",FALSE
"305","2016-09-04","Norway","Germany",0,3,"FIFA World Cup qualification","Oslo","Norway",FALSE
"306","2016-09-04","Romania","Montenegro",1,1,"FIFA World Cup qualification","Cluj","Romania",FALSE
"307","2016-09-04","San Marino","Azerbaijan",0,1,"FIFA World Cup qualification","Serravalle","San Marino",FALSE
"308","2016-09-04","Slovakia","England",0,1,"FIFA World Cup qualification","Trnava","Slovakia",FALSE
"309","2016-09-05","Albania","Macedonia",2,1,"FIFA World Cup qualification","Shkodër","Albania",FALSE
"310","2016-09-05","Croatia","Turkey",1,1,"FIFA World Cup qualification","Zagreb","Croatia",FALSE
"311","2016-09-05","Finland","Kosovo",1,1,"FIFA World Cup qualification","Turku","Finland",FALSE
"312","2016-09-05","Georgia","Austria",1,2,"FIFA World Cup qualification","Tbilisi","Georgia",FALSE
"313","2016-09-05","Israel","Italy",1,3,"FIFA World Cup qualification","Haifa","Israel",FALSE
"314","2016-09-05","Serbia","Ireland",2,2,"FIFA World Cup qualification","Belgrade","Serbia",FALSE
"315","2016-09-05","Spain","Liechtenstein",8,0,"FIFA World Cup qualification","León","Spain",FALSE
"316","2016-09-05","Ukraine","Iceland",1,1,"FIFA World Cup qualification","Kyïv","Ukraine",FALSE
"317","2016-09-05","Wales","Moldova",4,0,"FIFA World Cup qualification","Cardiff","Wales",FALSE
"318","2016-09-06","Andorra","Latvia",0,1,"FIFA World Cup qualification","Sant Julià de Lòria","Andorra",FALSE
"319","2016-09-06","Belarus","France",0,0,"FIFA World Cup qualification","Barysaw","Belarus",FALSE
"320","2016-09-06","Bosnia-Herzegovina","Estonia",5,0,"FIFA World Cup qualification","Zenica","Bosnia-Herzegovina",FALSE
"321","2016-09-06","Brazil","Colombia",2,1,"FIFA World Cup qualification","Manaus","Brazil",FALSE
"322","2016-09-06","Bulgaria","Luxembourg",4,3,"FIFA World Cup qualification","Sofia","Bulgaria",FALSE
"323","2016-09-06","Canada","El Salvador",3,1,"FIFA World Cup qualification","Vancouver","Canada",FALSE
"324","2016-09-06","Chile","Bolivia",3,0,"FIFA World Cup qualification","Santiago","Chile",FALSE
"325","2016-09-06","China","Iran",0,0,"FIFA World Cup qualification","Shenyang","China",FALSE
"326","2016-09-06","Costa Rica","Panama",3,1,"FIFA World Cup qualification","San José","Costa Rica",FALSE
"327","2016-09-06","Cyprus","Belgium",0,3,"FIFA World Cup qualification","Nicosia","Cyprus",FALSE
"328","2016-09-06","Faroe Islands","Hungary",0,0,"FIFA World Cup qualification","Tórshavn","Faroe Islands",FALSE
"329","2016-09-06","Gibraltar","Greece",1,4,"FIFA World Cup qualification","Faro","Portugal",TRUE
"330","2016-09-06","Iraq","Saudi Arabia",1,2,"FIFA World Cup qualification","Shah Alam","Malaysia",TRUE
"331","2016-09-06","Jamaica","Haiti",0,2,"FIFA World Cup qualification","Kingston","Jamaica",FALSE
"332","2016-09-06","Mexico","Honduras",0,0,"FIFA World Cup qualification","Mexico City","Mexico",FALSE
"333","2016-09-06","Peru","Ecuador",2,1,"FIFA World Cup qualification","Lima","Peru",FALSE
"334","2016-09-06","Qatar","Uzbekistan",0,1,"FIFA World Cup qualification","Doha","Qatar",FALSE
"335","2016-09-06","Sweden","Netherlands",1,1,"FIFA World Cup qualification","Solna","Sweden",FALSE
"336","2016-09-06","Switzerland","Portugal",2,0,"FIFA World Cup qualification","Basel","Switzerland",FALSE
"337","2016-09-06","Syria","Korea Republic",0,0,"FIFA World Cup qualification","Paroi","Malaysia",TRUE
"338","2016-09-06","Thailand","Japan",0,2,"FIFA World Cup qualification","Bangkok","Thailand",FALSE
"339","2016-09-06","United Arab Emirates","Australia",0,1,"FIFA World Cup qualification","Abu Dhabi","United Arab Emirates",FALSE
"340","2016-09-06","Uruguay","Paraguay",4,0,"FIFA World Cup qualification","Montevideo","Uruguay",FALSE
"341","2016-09-06","USA","Trinidad and Tobago",4,0,"FIFA World Cup qualification","Jacksonville","USA",FALSE
"342","2016-09-06","Venezuela","Argentina",2,2,"FIFA World Cup qualification","Mérida","Venezuela",FALSE
"343","2016-10-06","Austria","Wales",2,2,"FIFA World Cup qualification","Vienna","Austria",FALSE
"344","2016-10-06","Brazil","Bolivia",5,0,"FIFA World Cup qualification","Natal","Brazil",FALSE
"345","2016-10-06","China","Syria",0,1,"FIFA World Cup qualification","Xi'an","China",FALSE
"346","2016-10-06","Ecuador","Chile",3,0,"FIFA World Cup qualification","Quito","Ecuador",FALSE
"347","2016-10-06","Iceland","Finland",3,2,"FIFA World Cup qualification","Reykjavík","Iceland",FALSE
"348","2016-10-06","Ireland","Georgia",1,0,"FIFA World Cup qualification","Dublin","Ireland",FALSE
"349","2016-10-06","Italy","Spain",1,1,"FIFA World Cup qualification","Turin","Italy",FALSE
"350","2016-10-06","Japan","Iraq",2,1,"FIFA World Cup qualification","Saitama","Japan",FALSE
"351","2016-10-06","Korea Republic","Qatar",3,2,"FIFA World Cup qualification","Suwon","Korea Republic",FALSE
"352","2016-10-06","Kosovo","Croatia",0,6,"FIFA World Cup qualification","Shkodër","Albania",TRUE
"353","2016-10-06","Liechtenstein","Albania",0,2,"FIFA World Cup qualification","Vaduz","Liechtenstein",FALSE
"354","2016-10-06","Macedonia","Israel",1,2,"FIFA World Cup qualification","Skopje","Macedonia",FALSE
"355","2016-10-06","Moldova","Serbia",0,3,"FIFA World Cup qualification","Chișinău","Moldova",FALSE
"356","2016-10-06","Paraguay","Colombia",0,1,"FIFA World Cup qualification","Asunción","Paraguay",FALSE
"357","2016-10-06","Peru","Argentina",2,2,"FIFA World Cup qualification","Lima","Peru",FALSE
"358","2016-10-06","Saudi Arabia","Australia",2,2,"FIFA World Cup qualification","Jeddah","Saudi Arabia",FALSE
"359","2016-10-06","Turkey","Ukraine",2,2,"FIFA World Cup qualification","Konya","Turkey",FALSE
"360","2016-10-06","United Arab Emirates","Thailand",3,1,"FIFA World Cup qualification","Abu Dhabi","United Arab Emirates",FALSE
"361","2016-10-06","Uruguay","Venezuela",3,0,"FIFA World Cup qualification","Montevideo","Uruguay",FALSE
"362","2016-10-06","Uzbekistan","Iran",0,1,"FIFA World Cup qualification","Tashkent","Uzbekistan",FALSE
"363","2016-10-07","Belgium","Bosnia-Herzegovina",4,0,"FIFA World Cup qualification","Brussels","Belgium",FALSE
"364","2016-10-07","Estonia","Gibraltar",4,0,"FIFA World Cup qualification","Tallinn","Estonia",FALSE
"365","2016-10-07","France","Bulgaria",4,1,"FIFA World Cup qualification","Saint-Denis","France",FALSE
"366","2016-10-07","Ghana","Uganda",0,0,"FIFA World Cup qualification","Tamale","Ghana",FALSE
"367","2016-10-07","Greece","Cyprus",2,0,"FIFA World Cup qualification","Piraeus","Greece",FALSE
"368","2016-10-07","Hungary","Switzerland",2,3,"FIFA World Cup qualification","Budapest","Hungary",FALSE
"369","2016-10-07","Latvia","Faroe Islands",0,2,"FIFA World Cup qualification","Riga","Latvia",FALSE
"370","2016-10-07","Luxembourg","Sweden",0,1,"FIFA World Cup qualification","Luxembourg","Luxembourg",FALSE
"371","2016-10-07","Netherlands","Belarus",4,1,"FIFA World Cup qualification","Rotterdam","Netherlands",FALSE
"372","2016-10-07","Portugal","Andorra",6,0,"FIFA World Cup qualification","Aveiro","Portugal",FALSE
"373","2016-10-08","Armenia","Romania",0,5,"FIFA World Cup qualification","Yerevan","Armenia",FALSE
"374","2016-10-08","Azerbaijan","Norway",1,0,"FIFA World Cup qualification","Baku","Azerbaijan",FALSE
"375","2016-10-08","Burkina Faso","South Africa",1,1,"FIFA World Cup qualification","Ouagadougou","Burkina Faso",FALSE
"376","2016-10-08","Congo DR","Libya",4,0,"FIFA World Cup qualification","Kinshasa","Congo DR",FALSE
"377","2016-10-08","England","Malta",2,0,"FIFA World Cup qualification","London","England",FALSE
"378","2016-10-08","Gabon","Morocco",0,0,"FIFA World Cup qualification","Franceville","Gabon",FALSE
"379","2016-10-08","Germany","Czech Republic",3,0,"FIFA World Cup qualification","Hamburg","Germany",FALSE
"380","2016-10-08","Ivory Coast","Mali",3,1,"FIFA World Cup qualification","Bouaké","Ivory Coast",FALSE
"381","2016-10-08","Montenegro","Kazakhstan",5,0,"FIFA World Cup qualification","Podgorica","Montenegro",FALSE
"382","2016-10-08","Northern Ireland","San Marino",4,0,"FIFA World Cup qualification","Belfast","Northern Ireland",FALSE
"383","2016-10-08","Poland","Denmark",3,2,"FIFA World Cup qualification","Warsaw","Poland",FALSE
"384","2016-10-08","Scotland","Lithuania",1,1,"FIFA World Cup qualification","Glasgow","Scotland",FALSE
"385","2016-10-08","Senegal","Cape Verde",2,0,"FIFA World Cup qualification","Dakar","Senegal",FALSE
"386","2016-10-08","Slovenia","Slovakia",1,0,"FIFA World Cup qualification","Ljubljana","Slovenia",FALSE
"387","2016-10-09","Albania","Spain",0,2,"FIFA World Cup qualification","Shkodër","Albania",FALSE
"388","2016-10-09","Algeria","Cameroon",1,1,"FIFA World Cup qualification","Blida","Algeria",FALSE
"389","2016-10-09","Congo","Egypt",1,2,"FIFA World Cup qualification","Brazzaville","Congo",FALSE
"390","2016-10-09","Finland","Croatia",0,1,"FIFA World Cup qualification","Tampere","Finland",FALSE
"391","2016-10-09","Iceland","Turkey",2,0,"FIFA World Cup qualification","Reykjavík","Iceland",FALSE
"392","2016-10-09","Israel","Liechtenstein",2,1,"FIFA World Cup qualification","Jerusalem","Israel",FALSE
"393","2016-10-09","Macedonia","Italy",2,3,"FIFA World Cup qualification","Skopje","Macedonia",FALSE
"394","2016-10-09","Moldova","Ireland",1,3,"FIFA World Cup qualification","Chișinău","Moldova",FALSE
"395","2016-10-09","Serbia","Austria",3,2,"FIFA World Cup qualification","Belgrade","Serbia",FALSE
"396","2016-10-09","Tunisia","Guinea",2,0,"FIFA World Cup qualification","Monastir","Tunisia",FALSE
"397","2016-10-09","Ukraine","Kosovo",3,0,"FIFA World Cup qualification","Cracow","Poland",TRUE
"398","2016-10-09","Wales","Georgia",1,1,"FIFA World Cup qualification","Cardiff","Wales",FALSE
"399","2016-10-09","Zambia","Nigeria",1,2,"FIFA World Cup qualification","Ndola","Zambia",FALSE
"400","2016-10-10","Andorra","Switzerland",1,2,"FIFA World Cup qualification","Sant Julià de Lòria","Andorra",FALSE
"401","2016-10-10","Belarus","Luxembourg",1,1,"FIFA World Cup qualification","Barysaw","Belarus",FALSE
"402","2016-10-10","Bosnia-Herzegovina","Cyprus",2,0,"FIFA World Cup qualification","Zenica","Bosnia-Herzegovina",FALSE
"403","2016-10-10","Estonia","Greece",0,2,"FIFA World Cup qualification","Tallinn","Estonia",FALSE
"404","2016-10-10","Faroe Islands","Portugal",0,6,"FIFA World Cup qualification","Tórshavn","Faroe Islands",FALSE
"405","2016-10-10","Gibraltar","Belgium",0,6,"FIFA World Cup qualification","Faro","Portugal",TRUE
"406","2016-10-10","Latvia","Hungary",0,2,"FIFA World Cup qualification","Riga","Latvia",FALSE
"407","2016-10-10","Netherlands","France",0,1,"FIFA World Cup qualification","Amsterdam","Netherlands",FALSE
"408","2016-10-10","Sweden","Bulgaria",3,0,"FIFA World Cup qualification","Solna","Sweden",FALSE
"409","2016-10-11","Argentina","Paraguay",0,1,"FIFA World Cup qualification","Córdoba","Argentina",FALSE
"410","2016-10-11","Australia","Japan",1,1,"FIFA World Cup qualification","Melbourne","Australia",FALSE
"411","2016-10-11","Bolivia","Ecuador",2,2,"FIFA World Cup qualification","La Paz","Bolivia",FALSE
"412","2016-10-11","Chile","Peru",2,1,"FIFA World Cup qualification","Santiago","Chile",FALSE
"413","2016-10-11","Colombia","Uruguay",2,2,"FIFA World Cup qualification","Barranquilla","Colombia",FALSE
"414","2016-10-11","Czech Republic","Azerbaijan",0,0,"FIFA World Cup qualification","Ostrava","Czech Republic",FALSE
"415","2016-10-11","Denmark","Montenegro",0,1,"FIFA World Cup qualification","Copenhagen","Denmark",FALSE
"416","2016-10-11","Germany","Northern Ireland",2,0,"FIFA World Cup qualification","Hanover","Germany",FALSE
"417","2016-10-11","Iran","Korea Republic",1,0,"FIFA World Cup qualification","Teheran","Iran",FALSE
"418","2016-10-11","Iraq","Thailand",4,0,"FIFA World Cup qualification","Teheran","Iran",TRUE
"419","2016-10-11","Kazakhstan","Romania",0,0,"FIFA World Cup qualification","Astana","Kazakhstan",FALSE
"420","2016-10-11","Lithuania","Malta",2,0,"FIFA World Cup qualification","Vilnius","Lithuania",FALSE
"421","2016-10-11","Norway","San Marino",4,1,"FIFA World Cup qualification","Oslo","Norway",FALSE
"422","2016-10-11","Poland","Armenia",2,1,"FIFA World Cup qualification","Warsaw","Poland",FALSE
"423","2016-10-11","Qatar","Syria",1,0,"FIFA World Cup qualification","Doha","Qatar",FALSE
"424","2016-10-11","Saudi Arabia","United Arab Emirates",3,0,"FIFA World Cup qualification","Jeddah","Saudi Arabia",FALSE
"425","2016-10-11","Slovakia","Scotland",3,0,"FIFA World Cup qualification","Trnava","Slovakia",FALSE
"426","2016-10-11","Slovenia","England",0,0,"FIFA World Cup qualification","Ljubljana","Slovenia",FALSE
"427","2016-10-11","Uzbekistan","China",2,0,"FIFA World Cup qualification","Tashkent","Uzbekistan",FALSE
"428","2016-10-11","Venezuela","Brazil",0,2,"FIFA World Cup qualification","Mérida","Venezuela",FALSE
"429","2016-11-07","Tahiti","Solomon Islands",3,0,"FIFA World Cup qualification","Pirae","French Polynesia",TRUE
"430","2016-11-10","Brazil","Argentina",3,0,"FIFA World Cup qualification","Belo Horizonte","Brazil",FALSE
"431","2016-11-10","Colombia","Chile",0,0,"FIFA World Cup qualification","Barranquilla","Colombia",FALSE
"432","2016-11-10","Paraguay","Peru",1,4,"FIFA World Cup qualification","Asunción","Paraguay",FALSE
"433","2016-11-10","Uruguay","Ecuador",2,1,"FIFA World Cup qualification","Montevideo","Uruguay",FALSE
"434","2016-11-10","Venezuela","Bolivia",5,0,"FIFA World Cup qualification","Maturín","Venezuela",FALSE
"435","2016-11-11","Armenia","Montenegro",3,2,"FIFA World Cup qualification","Yerevan","Armenia",FALSE
"436","2016-11-11","Czech Republic","Norway",2,1,"FIFA World Cup qualification","Prague","Czech Republic",FALSE
"437","2016-11-11","Denmark","Kazakhstan",4,1,"FIFA World Cup qualification","Copenhagen","Denmark",FALSE
"438","2016-11-11","England","Scotland",3,0,"FIFA World Cup qualification","London","England",FALSE
"439","2016-11-11","France","Sweden",2,1,"FIFA World Cup qualification","Saint-Denis","France",FALSE
"440","2016-11-11","Honduras","Panama",0,1,"FIFA World Cup qualification","San Pedro Sula","Honduras",FALSE
"441","2016-11-11","Libya","Tunisia",0,1,"FIFA World Cup qualification","Algiers","Algeria",TRUE
"442","2016-11-11","Malta","Slovenia",0,1,"FIFA World Cup qualification","Attard","Malta",FALSE
"443","2016-11-11","Northern Ireland","Azerbaijan",4,0,"FIFA World Cup qualification","Belfast","Northern Ireland",FALSE
"444","2016-11-11","Romania","Poland",0,3,"FIFA World Cup qualification","Bucharest","Romania",FALSE
"445","2016-11-11","San Marino","Germany",0,8,"FIFA World Cup qualification","Serravalle","San Marino",FALSE
"446","2016-11-11","Slovakia","Lithuania",4,0,"FIFA World Cup qualification","Trnava","Slovakia",FALSE
"447","2016-11-12","Albania","Israel",0,3,"FIFA World Cup qualification","Elbasan","Albania",FALSE
"448","2016-11-12","Austria","Ireland",0,1,"FIFA World Cup qualification","Vienna","Austria",FALSE
"449","2016-11-12","Cameroon","Zambia",1,1,"FIFA World Cup qualification","Limbe","Cameroon",FALSE
"450","2016-11-12","Cape Verde","Burkina Faso",0,2,"FIFA World Cup qualification","Praia","Cape Verde",FALSE
"451","2016-11-12","Croatia","Iceland",2,0,"FIFA World Cup qualification","Zagreb","Croatia",FALSE
"452","2016-11-12","Georgia","Moldova",1,1,"FIFA World Cup qualification","Tbilisi","Georgia",FALSE
"453","2016-11-12","Liechtenstein","Italy",0,4,"FIFA World Cup qualification","Vaduz","Liechtenstein",FALSE
"454","2016-11-12","Mali","Gabon",0,0,"FIFA World Cup qualification","Bamako","Mali",FALSE
"455","2016-11-12","Morocco","Ivory Coast",0,0,"FIFA World Cup qualification","Marrakech","Morocco",FALSE
"456","2016-11-12","New Zealand","New Caledonia",2,0,"FIFA World Cup qualification","Auckland","New Zealand",FALSE
"457","2016-11-12","Nigeria","Algeria",3,1,"FIFA World Cup qualification","Uyo","Nigeria",FALSE
"458","2016-11-12","Spain","Macedonia",4,0,"FIFA World Cup qualification","Granada","Spain",FALSE
"459","2016-11-12","Turkey","Kosovo",2,0,"FIFA World Cup qualification","Antalya","Turkey",FALSE
"460","2016-11-12","Uganda","Congo",1,0,"FIFA World Cup qualification","Kampala","Uganda",FALSE
"461","2016-11-12","Ukraine","Finland",1,0,"FIFA World Cup qualification","Odesa","Ukraine",FALSE
"462","2016-11-12","Wales","Serbia",1,1,"FIFA World Cup qualification","Cardiff","Wales",FALSE
"463","2016-11-13","Belgium","Estonia",8,1,"FIFA World Cup qualification","Brussels","Belgium",FALSE
"464","2016-11-13","Bulgaria","Belarus",1,0,"FIFA World Cup qualification","Sofia","Bulgaria",FALSE
"465","2016-11-13","Cyprus","Gibraltar",3,1,"FIFA World Cup qualification","Nicosia","Cyprus",FALSE
"466","2016-11-13","Egypt","Ghana",2,0,"FIFA World Cup qualification","Alexandria","Egypt",FALSE
"467","2016-11-13","Greece","Bosnia-Herzegovina",1,1,"FIFA World Cup qualification","Piraeus","Greece",FALSE
"468","2016-11-13","Guinea","Congo DR",1,2,"FIFA World Cup qualification","Conakry","Guinea",FALSE
"469","2016-11-13","Hungary","Andorra",4,0,"FIFA World Cup qualification","Budapest","Hungary",FALSE
"470","2016-11-13","Luxembourg","Netherlands",1,3,"FIFA World Cup qualification","Luxembourg","Luxembourg",FALSE
"471","2016-11-13","Portugal","Latvia",4,1,"FIFA World Cup qualification","Faro","Portugal",FALSE
"472","2016-11-13","Solomon Islands","Tahiti",1,0,"FIFA World Cup qualification","Honiara","Solomon Islands",FALSE
"473","2016-11-13","Switzerland","Faroe Islands",2,0,"FIFA World Cup qualification","Lucerne","Switzerland",FALSE
"474","2016-11-15","Argentina","Colombia",3,0,"FIFA World Cup qualification","San Juan","Argentina",FALSE
"475","2016-11-15","Bolivia","Paraguay",1,0,"FIFA World Cup qualification","La Paz","Bolivia",FALSE
"476","2016-11-15","Chile","Uruguay",3,1,"FIFA World Cup qualification","Santiago","Chile",FALSE
"477","2016-11-15","China","Qatar",0,0,"FIFA World Cup qualification","Kunming","China",FALSE
"478","2016-11-15","Costa Rica","USA",4,0,"FIFA World Cup qualification","San José","Costa Rica",FALSE
"479","2016-11-15","Ecuador","Venezuela",3,0,"FIFA World Cup qualification","Quito","Ecuador",FALSE
"480","2016-11-15","Honduras","Trinidad and Tobago",3,1,"FIFA World Cup qualification","San Pedro Sula","Honduras",FALSE
"481","2016-11-15","Japan","Saudi Arabia",2,1,"FIFA World Cup qualification","Saitama","Japan",FALSE
"482","2016-11-15","Korea Republic","Uzbekistan",2,1,"FIFA World Cup qualification","Seoul","Korea Republic",FALSE
"483","2016-11-15","New Caledonia","New Zealand",0,0,"FIFA World Cup qualification","Koné","New Caledonia",FALSE
"484","2016-11-15","Panama","Mexico",0,0,"FIFA World Cup qualification","Panama City","Panama",FALSE
"485","2016-11-15","Peru","Brazil",0,2,"FIFA World Cup qualification","Lima","Peru",FALSE
"486","2016-11-15","Syria","Iran",0,0,"FIFA World Cup qualification","Paroi","Malaysia",TRUE
"487","2016-11-15","Thailand","Australia",2,2,"FIFA World Cup qualification","Bangkok","Thailand",FALSE
"488","2016-11-15","United Arab Emirates","Iraq",2,0,"FIFA World Cup qualification","Abu Dhabi","United Arab Emirates",FALSE
"489","2017-03-23","Argentina","Chile",1,0,"FIFA World Cup qualification","Buenos Aires","Argentina",FALSE
"490","2017-03-23","China","Korea Republic",1,0,"FIFA World Cup qualification","Changsha","China",FALSE
"491","2017-03-23","Colombia","Bolivia",1,0,"FIFA World Cup qualification","Barranquilla","Colombia",FALSE
"492","2017-03-23","Iraq","Australia",1,1,"FIFA World Cup qualification","Teheran","Iran",TRUE
"493","2017-03-23","Papua New Guinea","Tahiti",1,3,"FIFA World Cup qualification","Port Moresby","Papua New Guinea",FALSE
"494","2017-03-23","Paraguay","Ecuador",2,1,"FIFA World Cup qualification","Asunción","Paraguay",FALSE
"495","2017-03-23","Qatar","Iran",0,1,"FIFA World Cup qualification","Doha","Qatar",FALSE
"496","2017-03-23","Syria","Uzbekistan",1,0,"FIFA World Cup qualification","Paya Rumput","Malaysia",TRUE
"497","2017-03-23","Thailand","Saudi Arabia",0,3,"FIFA World Cup qualification","Bangkok","Thailand",FALSE
"498","2017-03-23","United Arab Emirates","Japan",0,2,"FIFA World Cup qualification","al-Ain","United Arab Emirates",FALSE
"499","2017-03-23","Uruguay","Brazil",1,4,"FIFA World Cup qualification","Montevideo","Uruguay",FALSE
"500","2017-03-23","Venezuela","Peru",2,2,"FIFA World Cup qualification","Maturín","Venezuela",FALSE
"501","2017-03-24","Austria","Moldova",2,0,"FIFA World Cup qualification","Vienna","Austria",FALSE
"502","2017-03-24","Croatia","Ukraine",1,0,"FIFA World Cup qualification","Zagreb","Croatia",FALSE
"503","2017-03-24","Georgia","Serbia",1,2,"FIFA World Cup qualification","Tbilisi","Georgia",FALSE
"504","2017-03-24","Ireland","Wales",0,0,"FIFA World Cup qualification","Dublin","Ireland",FALSE
"505","2017-03-24","Italy","Albania",2,0,"FIFA World Cup qualification","Palermo","Italy",FALSE
"506","2017-03-24","Kosovo","Iceland",1,2,"FIFA World Cup qualification","Shkodër","Albania",TRUE
"507","2017-03-24","Liechtenstein","Macedonia",0,3,"FIFA World Cup qualification","Vaduz","Liechtenstein",FALSE
"508","2017-03-24","Mexico","Costa Rica",2,0,"FIFA World Cup qualification","Mexico City","Mexico",FALSE
"509","2017-03-24","Spain","Israel",4,1,"FIFA World Cup qualification","Gijón","Spain",FALSE
"510","2017-03-24","Trinidad and Tobago","Panama",1,0,"FIFA World Cup qualification","Port of Spain","Trinidad and Tobago",FALSE
"511","2017-03-24","Turkey","Finland",2,0,"FIFA World Cup qualification","Antalya","Turkey",FALSE
"512","2017-03-24","USA","Honduras",6,0,"FIFA World Cup qualification","San Jose","USA",FALSE
"513","2017-03-25","Andorra","Faroe Islands",0,0,"FIFA World Cup qualification","Sant Julià de Lòria","Andorra",FALSE
"514","2017-03-25","Belgium","Greece",1,1,"FIFA World Cup qualification","Brussels","Belgium",FALSE
"515","2017-03-25","Bosnia-Herzegovina","Gibraltar",5,0,"FIFA World Cup qualification","Zenica","Bosnia-Herzegovina",FALSE
"516","2017-03-25","Bulgaria","Netherlands",2,0,"FIFA World Cup qualification","Sofia","Bulgaria",FALSE
"517","2017-03-25","Cyprus","Estonia",0,0,"FIFA World Cup qualification","Nicosia","Cyprus",FALSE
"518","2017-03-25","Fiji","New Zealand",0,2,"FIFA World Cup qualification","Lautoka","Fiji",FALSE
"519","2017-03-25","Luxembourg","France",1,3,"FIFA World Cup qualification","Luxembourg","Luxembourg",FALSE
"520","2017-03-25","Portugal","Hungary",3,0,"FIFA World Cup qualification","Lisbon","Portugal",FALSE
"521","2017-03-25","Sweden","Belarus",4,0,"FIFA World Cup qualification","Solna","Sweden",FALSE
"522","2017-03-25","Switzerland","Latvia",1,0,"FIFA World Cup qualification","Geneva","Switzerland",FALSE
"523","2017-03-26","Armenia","Kazakhstan",2,0,"FIFA World Cup qualification","Yerevan","Armenia",FALSE
"524","2017-03-26","Azerbaijan","Germany",1,4,"FIFA World Cup qualification","Baku","Azerbaijan",FALSE
"525","2017-03-26","England","Lithuania",2,0,"FIFA World Cup qualification","London","England",FALSE
"526","2017-03-26","Malta","Slovakia",1,3,"FIFA World Cup qualification","Attard","Malta",FALSE
"527","2017-03-26","Montenegro","Poland",1,2,"FIFA World Cup qualification","Podgorica","Montenegro",FALSE
"528","2017-03-26","Northern Ireland","Norway",2,0,"FIFA World Cup qualification","Belfast","Northern Ireland",FALSE
"529","2017-03-26","Romania","Denmark",0,0,"FIFA World Cup qualification","Cluj","Romania",FALSE
"530","2017-03-26","San Marino","Czech Republic",0,6,"FIFA World Cup qualification","Serravalle","San Marino",FALSE
"531","2017-03-26","Scotland","Slovenia",1,0,"FIFA World Cup qualification","Glasgow","Scotland",FALSE
"532","2017-03-28","Australia","United Arab Emirates",2,0,"FIFA World Cup qualification","Sydney","Australia",FALSE
"533","2017-03-28","Bolivia","Argentina",2,0,"FIFA World Cup qualification","La Paz","Bolivia",FALSE
"534","2017-03-28","Brazil","Paraguay",3,0,"FIFA World Cup qualification","São Paulo","Brazil",FALSE
"535","2017-03-28","Chile","Venezuela",3,1,"FIFA World Cup qualification","Santiago","Chile",FALSE
"536","2017-03-28","Ecuador","Colombia",0,2,"FIFA World Cup qualification","Quito","Ecuador",FALSE
"537","2017-03-28","Honduras","Costa Rica",1,1,"FIFA World Cup qualification","San Pedro Sula","Honduras",FALSE
"538","2017-03-28","Iran","China",1,0,"FIFA World Cup qualification","Teheran","Iran",FALSE
"539","2017-03-28","Japan","Thailand",4,0,"FIFA World Cup qualification","Saitama","Japan",FALSE
"540","2017-03-28","Korea Republic","Syria",1,0,"FIFA World Cup qualification","Seoul","Korea Republic",FALSE
"541","2017-03-28","New Zealand","Fiji",2,0,"FIFA World Cup qualification","Wellington","New Zealand",FALSE
"542","2017-03-28","Panama","USA",1,1,"FIFA World Cup qualification","Panama City","Panama",FALSE
"543","2017-03-28","Peru","Uruguay",2,1,"FIFA World Cup qualification","Lima","Peru",FALSE
"544","2017-03-28","Saudi Arabia","Iraq",1,0,"FIFA World Cup qualification","Jeddah","Saudi Arabia",FALSE
"545","2017-03-28","Trinidad and Tobago","Mexico",0,1,"FIFA World Cup qualification","Port of Spain","Trinidad and Tobago",FALSE
"546","2017-03-28","Uzbekistan","Qatar",1,0,"FIFA World Cup qualification","Tashkent","Uzbekistan",FALSE
"547","2017-06-07","Fiji","New Caledonia",2,2,"FIFA World Cup qualification","Lautoka","Fiji",FALSE
"548","2017-06-08","Australia","Saudi Arabia",3,2,"FIFA World Cup qualification","Adelaide","Australia",FALSE
"549","2017-06-08","Costa Rica","Panama",0,0,"FIFA World Cup qualification","San José","Costa Rica",FALSE
"550","2017-06-08","Mexico","Honduras",3,0,"FIFA World Cup qualification","Mexico City","Mexico",FALSE
"551","2017-06-08","USA","Trinidad and Tobago",2,0,"FIFA World Cup qualification","Commerce City","USA",FALSE
"552","2017-06-09","Andorra","Hungary",1,0,"FIFA World Cup qualification","Sant Julià de Lòria","Andorra",FALSE
"553","2017-06-09","Belarus","Bulgaria",2,1,"FIFA World Cup qualification","Barysaw","Belarus",FALSE
"554","2017-06-09","Bosnia-Herzegovina","Greece",0,0,"FIFA World Cup qualification","Zenica","Bosnia-Herzegovina",FALSE
"555","2017-06-09","Estonia","Belgium",0,2,"FIFA World Cup qualification","Tallinn","Estonia",FALSE
"556","2017-06-09","Faroe Islands","Switzerland",0,2,"FIFA World Cup qualification","Tórshavn","Faroe Islands",FALSE
"557","2017-06-09","Gibraltar","Cyprus",1,2,"FIFA World Cup qualification","Faro","Portugal",TRUE
"558","2017-06-09","Latvia","Portugal",0,3,"FIFA World Cup qualification","Riga","Latvia",FALSE
"559","2017-06-09","Netherlands","Luxembourg",5,0,"FIFA World Cup qualification","Rotterdam","Netherlands",FALSE
"560","2017-06-09","Solomon Islands","Papua New Guinea",3,2,"FIFA World Cup qualification","Honiara","Solomon Islands",FALSE
"561","2017-06-09","Sweden","France",2,1,"FIFA World Cup qualification","Solna","Sweden",FALSE
"562","2017-06-10","Azerbaijan","Northern Ireland",0,1,"FIFA World Cup qualification","Baku","Azerbaijan",FALSE
"563","2017-06-10","Germany","San Marino",7,0,"FIFA World Cup qualification","Nuremberg","Germany",FALSE
"564","2017-06-10","Kazakhstan","Denmark",1,3,"FIFA World Cup qualification","Almaty","Kazakhstan",FALSE
"565","2017-06-10","Lithuania","Slovakia",1,2,"FIFA World Cup qualification","Vilnius","Lithuania",FALSE
"566","2017-06-10","Montenegro","Armenia",4,1,"FIFA World Cup qualification","Podgorica","Montenegro",FALSE
"567","2017-06-10","Norway","Czech Republic",1,1,"FIFA World Cup qualification","Oslo","Norway",FALSE
"568","2017-06-10","Poland","Romania",3,1,"FIFA World Cup qualification","Warsaw","Poland",FALSE
"569","2017-06-10","Scotland","England",2,2,"FIFA World Cup qualification","Glasgow","Scotland",FALSE
"570","2017-06-10","Slovenia","Malta",2,0,"FIFA World Cup qualification","Ljubljana","Slovenia",FALSE
"571","2017-06-11","Finland","Ukraine",1,2,"FIFA World Cup qualification","Tampere","Finland",FALSE
"572","2017-06-11","Iceland","Croatia",1,0,"FIFA World Cup qualification","Reykjavík","Iceland",FALSE
"573","2017-06-11","Ireland","Austria",1,1,"FIFA World Cup qualification","Dublin","Ireland",FALSE
"574","2017-06-11","Israel","Albania",0,3,"FIFA World Cup qualification","Haifa","Israel",FALSE
"575","2017-06-11","Italy","Liechtenstein",5,0,"FIFA World Cup qualification","Udine","Italy",FALSE
"576","2017-06-11","Kosovo","Turkey",1,4,"FIFA World Cup qualification","Shkodër","Albania",TRUE
"577","2017-06-11","Macedonia","Spain",1,2,"FIFA World Cup qualification","Skopje","Macedonia",FALSE
"578","2017-06-11","Mexico","USA",1,1,"FIFA World Cup qualification","Mexico City","Mexico",FALSE
"579","2017-06-11","Moldova","Georgia",2,2,"FIFA World Cup qualification","Chișinău","Moldova",FALSE
"580","2017-06-11","New Caledonia","Fiji",2,1,"FIFA World Cup qualification","Nouméa","New Caledonia",FALSE
"581","2017-06-11","Serbia","Wales",1,1,"FIFA World Cup qualification","Belgrade","Serbia",FALSE
"582","2017-06-12","Iran","Uzbekistan",2,0,"FIFA World Cup qualification","Teheran","Iran",FALSE
"583","2017-06-13","Costa Rica","Trinidad and Tobago",2,1,"FIFA World Cup qualification","San José","Costa Rica",FALSE
"584","2017-06-13","Iraq","Japan",1,1,"FIFA World Cup qualification","Teheran","Iran",TRUE
"585","2017-06-13","Panama","Honduras",2,2,"FIFA World Cup qualification","Panama City","Panama",FALSE
"586","2017-06-13","Papua New Guinea","Solomon Islands",1,2,"FIFA World Cup qualification","Port Moresby","Papua New Guinea",FALSE
"587","2017-06-13","Qatar","Korea Republic",3,2,"FIFA World Cup qualification","Doha","Qatar",FALSE
"588","2017-06-13","Syria","China",2,2,"FIFA World Cup qualification","Paya Rumput","Malaysia",TRUE
"589","2017-06-13","Thailand","United Arab Emirates",1,1,"FIFA World Cup qualification","Bangkok","Thailand",FALSE
"590","2017-08-29","United Arab Emirates","Saudi Arabia",2,1,"FIFA World Cup qualification","al-Ain","United Arab Emirates",FALSE
"591","2017-08-31","Belgium","Gibraltar",9,0,"FIFA World Cup qualification","Liège","Belgium",FALSE
"592","2017-08-31","Brazil","Ecuador",2,0,"FIFA World Cup qualification","Porto Alegre","Brazil",FALSE
"593","2017-08-31","Bulgaria","Sweden",3,2,"FIFA World Cup qualification","Sofia","Bulgaria",FALSE
"594","2017-08-31","Chile","Paraguay",0,3,"FIFA World Cup qualification","Santiago","Chile",FALSE
"595","2017-08-31","China","Uzbekistan",1,0,"FIFA World Cup qualification","Wuhan","China",FALSE
"596","2017-08-31","Cyprus","Bosnia-Herzegovina",3,2,"FIFA World Cup qualification","Nicosia","Cyprus",FALSE
"597","2017-08-31","France","Netherlands",4,0,"FIFA World Cup qualification","Saint-Denis","France",FALSE
"598","2017-08-31","Greece","Estonia",0,0,"FIFA World Cup qualification","Piraeus","Greece",FALSE
"599","2017-08-31","Guinea","Libya",3,2,"FIFA World Cup qualification","Conakry","Guinea",FALSE
"600","2017-08-31","Hungary","Latvia",3,1,"FIFA World Cup qualification","Budapest","Hungary",FALSE
"601","2017-08-31","Japan","Australia",2,0,"FIFA World Cup qualification","Saitama","Japan",FALSE
"602","2017-08-31","Korea Republic","Iran",0,0,"FIFA World Cup qualification","Seoul","Korea Republic",FALSE
"603","2017-08-31","Luxembourg","Belarus",1,0,"FIFA World Cup qualification","Luxembourg","Luxembourg",FALSE
"604","2017-08-31","Peru","Bolivia",2,1,"FIFA World Cup qualification","Lima","Peru",FALSE
"605","2017-08-31","Portugal","Faroe Islands",5,1,"FIFA World Cup qualification","Porto","Portugal",FALSE
"606","2017-08-31","Switzerland","Andorra",3,0,"FIFA World Cup qualification","St. Gallen","Switzerland",FALSE
"607","2017-08-31","Syria","Qatar",3,1,"FIFA World Cup qualification","Paya Rumput","Malaysia",TRUE
"608","2017-08-31","Thailand","Iraq",1,2,"FIFA World Cup qualification","Bangkok","Thailand",FALSE
"609","2017-08-31","Uganda","Egypt",1,0,"FIFA World Cup qualification","Kampala","Uganda",FALSE
"610","2017-08-31","Uruguay","Argentina",0,0,"FIFA World Cup qualification","Montevideo","Uruguay",FALSE
"611","2017-08-31","Venezuela","Colombia",0,0,"FIFA World Cup qualification","San Cristóbal","Venezuela",FALSE
"612","2017-09-01","Cape Verde","South Africa",2,1,"FIFA World Cup qualification","Praia","Cape Verde",FALSE
"613","2017-09-01","Czech Republic","Germany",1,2,"FIFA World Cup qualification","Prague","Czech Republic",FALSE
"614","2017-09-01","Denmark","Poland",4,0,"FIFA World Cup qualification","Copenhagen","Denmark",FALSE
"615","2017-09-01","Ghana","Congo",1,1,"FIFA World Cup qualification","Kumasi","Ghana",FALSE
"616","2017-09-01","Kazakhstan","Montenegro",0,3,"FIFA World Cup qualification","Astana","Kazakhstan",FALSE
"617","2017-09-01","Lithuania","Scotland",0,3,"FIFA World Cup qualification","Vilnius","Lithuania",FALSE
"618","2017-09-01","Malta","England",0,4,"FIFA World Cup qualification","Attard","Malta",FALSE
"619","2017-09-01","Mexico","Panama",1,0,"FIFA World Cup qualification","Mexico City","Mexico",FALSE
"620","2017-09-01","Morocco","Mali",6,0,"FIFA World Cup qualification","Rabat","Morocco",FALSE
"621","2017-09-01","New Zealand","Solomon Islands",6,1,"FIFA World Cup qualification","Auckland","New Zealand",FALSE
"622","2017-09-01","Nigeria","Cameroon",4,0,"FIFA World Cup qualification","Uyo","Nigeria",FALSE
"623","2017-09-01","Norway","Azerbaijan",2,0,"FIFA World Cup qualification","Oslo","Norway",FALSE
"624","2017-09-01","Romania","Armenia",1,0,"FIFA World Cup qualification","Bucharest","Romania",FALSE
"625","2017-09-01","San Marino","Northern Ireland",0,3,"FIFA World Cup qualification","Serravalle","San Marino",FALSE
"626","2017-09-01","Slovakia","Slovenia",1,0,"FIFA World Cup qualification","Trnava","Slovakia",FALSE
"627","2017-09-01","Trinidad and Tobago","Honduras",1,2,"FIFA World Cup qualification","Couva","Trinidad and Tobago",FALSE
"628","2017-09-01","Tunisia","Congo DR",2,1,"FIFA World Cup qualification","Radès","Tunisia",FALSE
"629","2017-09-01","USA","Costa Rica",0,2,"FIFA World Cup qualification","Harrison","USA",FALSE
"630","2017-09-02","Albania","Liechtenstein",2,0,"FIFA World Cup qualification","Elbasan","Albania",FALSE
"631","2017-09-02","Croatia","Kosovo",1,0,"FIFA World Cup qualification","Zagreb","Croatia",FALSE
"632","2017-09-02","Finland","Iceland",1,0,"FIFA World Cup qualification","Tampere","Finland",FALSE
"633","2017-09-02","Gabon","Ivory Coast",0,3,"FIFA World Cup qualification","Franceville","Gabon",FALSE
"634","2017-09-02","Georgia","Ireland",1,1,"FIFA World Cup qualification","Tbilisi","Georgia",FALSE
"635","2017-09-02","Israel","Macedonia",0,1,"FIFA World Cup qualification","Haifa","Israel",FALSE
"636","2017-09-02","Senegal","Burkina Faso",0,0,"FIFA World Cup qualification","Dakar","Senegal",FALSE
"637","2017-09-02","Serbia","Moldova",3,0,"FIFA World Cup qualification","Belgrade","Serbia",FALSE
"638","2017-09-02","Spain","Italy",3,0,"FIFA World Cup qualification","Madrid","Spain",FALSE
"639","2017-09-02","Ukraine","Turkey",2,0,"FIFA World Cup qualification","Kharkiv","Ukraine",FALSE
"640","2017-09-02","Wales","Austria",1,0,"FIFA World Cup qualification","Cardiff","Wales",FALSE
"641","2017-09-02","Zambia","Algeria",3,1,"FIFA World Cup qualification","Lusaka","Zambia",FALSE
"642","2017-09-03","Belarus","Sweden",0,4,"FIFA World Cup qualification","Barysaw","Belarus",FALSE
"643","2017-09-03","Estonia","Cyprus",1,0,"FIFA World Cup qualification","Tallinn","Estonia",FALSE
"644","2017-09-03","Faroe Islands","Andorra",1,0,"FIFA World Cup qualification","Tórshavn","Faroe Islands",FALSE
"645","2017-09-03","France","Luxembourg",0,0,"FIFA World Cup qualification","Toulouse","France",FALSE
"646","2017-09-03","Gibraltar","Bosnia-Herzegovina",0,4,"FIFA World Cup qualification","Faro","Portugal",TRUE
"647","2017-09-03","Greece","Belgium",1,2,"FIFA World Cup qualification","Piraeus","Greece",FALSE
"648","2017-09-03","Hungary","Portugal",0,1,"FIFA World Cup qualification","Budapest","Hungary",FALSE
"649","2017-09-03","Latvia","Switzerland",0,3,"FIFA World Cup qualification","Riga","Latvia",FALSE
"650","2017-09-03","Netherlands","Bulgaria",3,1,"FIFA World Cup qualification","Amsterdam","Netherlands",FALSE
"651","2017-09-04","Armenia","Denmark",1,4,"FIFA World Cup qualification","Yerevan","Armenia",FALSE
"652","2017-09-04","Azerbaijan","San Marino",5,1,"FIFA World Cup qualification","Baku","Azerbaijan",FALSE
"653","2017-09-04","Cameroon","Nigeria",1,1,"FIFA World Cup qualification","Yaoundé","Cameroon",FALSE
"654","2017-09-04","England","Slovakia",2,1,"FIFA World Cup qualification","London","England",FALSE
"655","2017-09-04","Germany","Norway",6,0,"FIFA World Cup qualification","Stuttgart","Germany",FALSE
"656","2017-09-04","Libya","Guinea",1,0,"FIFA World Cup qualification","Monastir","Tunisia",TRUE
"657","2017-09-04","Montenegro","Romania",1,0,"FIFA World Cup qualification","Podgorica","Montenegro",FALSE
"658","2017-09-04","Northern Ireland","Czech Republic",2,0,"FIFA World Cup qualification","Belfast","Northern Ireland",FALSE
"659","2017-09-04","Poland","Kazakhstan",3,0,"FIFA World Cup qualification","Warsaw","Poland",FALSE
"660","2017-09-04","Scotland","Malta",2,0,"FIFA World Cup qualification","Glasgow","Scotland",FALSE
"661","2017-09-04","Slovenia","Lithuania",4,0,"FIFA World Cup qualification","Ljubljana","Slovenia",FALSE
"662","2017-09-05","Algeria","Zambia",0,1,"FIFA World Cup qualification","Constantine","Algeria",FALSE
"663","2017-09-05","Argentina","Venezuela",1,1,"FIFA World Cup qualification","Buenos Aires","Argentina",FALSE
"664","2017-09-05","Australia","Thailand",2,1,"FIFA World Cup qualification","Melbourne","Australia",FALSE
"665","2017-09-05","Austria","Georgia",1,1,"FIFA World Cup qualification","Vienna","Austria",FALSE
"666","2017-09-05","Bolivia","Chile",1,0,"FIFA World Cup qualification","La Paz","Bolivia",FALSE
"667","2017-09-05","Burkina Faso","Senegal",2,2,"FIFA World Cup qualification","Ouagadougou","Burkina Faso",FALSE
"668","2017-09-05","Colombia","Brazil",1,1,"FIFA World Cup qualification","Barranquilla","Colombia",FALSE
"669","2017-09-05","Congo","Ghana",1,5,"FIFA World Cup qualification","Brazzaville","Congo",FALSE
"670","2017-09-05","Congo DR","Tunisia",2,2,"FIFA World Cup qualification","Kinshasa","Congo DR",FALSE
"671","2017-09-05","Costa Rica","Mexico",1,1,"FIFA World Cup qualification","San José","Costa Rica",FALSE
"672","2017-09-05","Ecuador","Peru",0,2,"FIFA World Cup qualification","Quito","Ecuador",FALSE
"673","2017-09-05","Egypt","Uganda",1,0,"FIFA World Cup qualification","Alexandria","Egypt",FALSE
"674","2017-09-05","Honduras","USA",1,1,"FIFA World Cup qualification","San Pedro Sula","Honduras",FALSE
"675","2017-09-05","Iceland","Ukraine",2,0,"FIFA World Cup qualification","Reykjavík","Iceland",FALSE
"676","2017-09-05","Iran","Syria",2,2,"FIFA World Cup qualification","Teheran","Iran",FALSE
"677","2017-09-05","Iraq","United Arab Emirates",1,0,"FIFA World Cup qualification","Amman","Jordan",TRUE
"678","2017-09-05","Ireland","Serbia",0,1,"FIFA World Cup qualification","Dublin","Ireland",FALSE
"679","2017-09-05","Italy","Israel",1,0,"FIFA World Cup qualification","Reggio Emilia","Italy",FALSE
"680","2017-09-05","Ivory Coast","Gabon",1,2,"FIFA World Cup qualification","Bouaké","Ivory Coast",FALSE
"681","2017-09-05","Kosovo","Finland",0,1,"FIFA World Cup qualification","Shkodër","Albania",TRUE
"682","2017-09-05","Liechtenstein","Spain",0,8,"FIFA World Cup qualification","Vaduz","Liechtenstein",FALSE
"683","2017-09-05","Macedonia","Albania",1,1,"FIFA World Cup qualification","Strumica","Macedonia",FALSE
"684","2017-09-05","Mali","Morocco",0,0,"FIFA World Cup qualification","Bamako","Mali",FALSE
"685","2017-09-05","Moldova","Wales",0,2,"FIFA World Cup qualification","Chișinău","Moldova",FALSE
"686","2017-09-05","Panama","Trinidad and Tobago",3,0,"FIFA World Cup qualification","Panama City","Panama",FALSE
"687","2017-09-05","Paraguay","Uruguay",1,2,"FIFA World Cup qualification","Asunción","Paraguay",FALSE
"688","2017-09-05","Qatar","China",1,2,"FIFA World Cup qualification","Doha","Qatar",FALSE
"689","2017-09-05","Saudi Arabia","Japan",1,0,"FIFA World Cup qualification","Jeddah","Saudi Arabia",FALSE
"690","2017-09-05","Solomon Islands","New Zealand",2,2,"FIFA World Cup qualification","Honiara","Solomon Islands",FALSE
"691","2017-09-05","South Africa","Cape Verde",1,2,"FIFA World Cup qualification","Durban","South Africa",FALSE
"692","2017-09-05","Turkey","Croatia",1,0,"FIFA World Cup qualification","Eskişehir","Turkey",FALSE
"693","2017-09-05","Uzbekistan","Korea Republic",0,0,"FIFA World Cup qualification","Tashkent","Uzbekistan",FALSE
"694","2017-10-05","Argentina","Peru",0,0,"FIFA World Cup qualification","Buenos Aires","Argentina",FALSE
"695","2017-10-05","Armenia","Poland",1,6,"FIFA World Cup qualification","Yerevan","Armenia",FALSE
"696","2017-10-05","Azerbaijan","Czech Republic",1,2,"FIFA World Cup qualification","Baku","Azerbaijan",FALSE
"697","2017-10-05","Bolivia","Brazil",0,0,"FIFA World Cup qualification","La Paz","Bolivia",FALSE
"698","2017-10-05","Chile","Ecuador",2,1,"FIFA World Cup qualification","Santiago","Chile",FALSE
"699","2017-10-05","Colombia","Paraguay",1,2,"FIFA World Cup qualification","Barranquilla","Colombia",FALSE
"700","2017-10-05","England","Slovenia",1,0,"FIFA World Cup qualification","London","England",FALSE
"701","2017-10-05","Malta","Lithuania",1,1,"FIFA World Cup qualification","Attard","Malta",FALSE
"702","2017-10-05","Montenegro","Denmark",0,1,"FIFA World Cup qualification","Podgorica","Montenegro",FALSE
"703","2017-10-05","Northern Ireland","Germany",1,3,"FIFA World Cup qualification","Belfast","Northern Ireland",FALSE
"704","2017-10-05","Romania","Kazakhstan",3,1,"FIFA World Cup qualification","Ploieşti","Romania",FALSE
"705","2017-10-05","San Marino","Norway",0,8,"FIFA World Cup qualification","Serravalle","San Marino",FALSE
"706","2017-10-05","Scotland","Slovakia",1,0,"FIFA World Cup qualification","Glasgow","Scotland",FALSE
"707","2017-10-05","Syria","Australia",1,1,"FIFA World Cup qualification","Paya Rumput","Malaysia",TRUE
"708","2017-10-05","Venezuela","Uruguay",0,0,"FIFA World Cup qualification","San Cristóbal","Venezuela",FALSE
"709","2017-10-06","Austria","Serbia",3,2,"FIFA World Cup qualification","Vienna","Austria",FALSE
"710","2017-10-06","Croatia","Finland",1,1,"FIFA World Cup qualification","Rijeka","Croatia",FALSE
"711","2017-10-06","Georgia","Wales",0,1,"FIFA World Cup qualification","Tbilisi","Georgia",FALSE
"712","2017-10-06","Ireland","Moldova",2,0,"FIFA World Cup qualification","Dublin","Ireland",FALSE
"713","2017-10-06","Italy","Macedonia",1,1,"FIFA World Cup qualification","Turin","Italy",FALSE
"714","2017-10-06","Kosovo","Ukraine",0,2,"FIFA World Cup qualification","Shkodër","Albania",TRUE
"715","2017-10-06","Liechtenstein","Israel",0,1,"FIFA World Cup qualification","Vaduz","Liechtenstein",FALSE
"716","2017-10-06","Mali","Ivory Coast",0,0,"FIFA World Cup qualification","Bamako","Mali",FALSE
"717","2017-10-06","Mexico","Trinidad and Tobago",3,1,"FIFA World Cup qualification","San Luis Potosí","Mexico",FALSE
"718","2017-10-06","Spain","Albania",3,0,"FIFA World Cup qualification","Alicante","Spain",FALSE
"719","2017-10-06","Turkey","Iceland",0,3,"FIFA World Cup qualification","Eskişehir","Turkey",FALSE
"720","2017-10-06","USA","Panama",4,0,"FIFA World Cup qualification","Orlando","USA",FALSE
"721","2017-10-07","Andorra","Portugal",0,2,"FIFA World Cup qualification","Sant Julià de Lòria","Andorra",FALSE
"722","2017-10-07","Belarus","Netherlands",1,3,"FIFA World Cup qualification","Barysaw","Belarus",FALSE
"723","2017-10-07","Bosnia-Herzegovina","Belgium",3,4,"FIFA World Cup qualification","Sarajevo","Bosnia-Herzegovina",FALSE
"724","2017-10-07","Bulgaria","France",0,1,"FIFA World Cup qualification","Sofia","Bulgaria",FALSE
"725","2017-10-07","Cameroon","Algeria",2,0,"FIFA World Cup qualification","Yaoundé","Cameroon",FALSE
"726","2017-10-07","Cape Verde","Senegal",0,2,"FIFA World Cup qualification","Praia","Cape Verde",FALSE
"727","2017-10-07","Costa Rica","Honduras",1,1,"FIFA World Cup qualification","San José","Costa Rica",FALSE
"728","2017-10-07","Cyprus","Greece",1,2,"FIFA World Cup qualification","Nicosia","Cyprus",FALSE
"729","2017-10-07","Faroe Islands","Latvia",0,0,"FIFA World Cup qualification","Tórshavn","Faroe Islands",FALSE
"730","2017-10-07","Gibraltar","Estonia",0,6,"FIFA World Cup qualification","Faro","Portugal",TRUE
"731","2017-10-07","Guinea","Tunisia",1,4,"FIFA World Cup qualification","Conakry","Guinea",FALSE
"732","2017-10-07","Libya","Congo DR",1,2,"FIFA World Cup qualification","Monastir","Tunisia",TRUE
"733","2017-10-07","Morocco","Gabon",3,0,"FIFA World Cup qualification","Casablanca","Morocco",FALSE
"734","2017-10-07","Nigeria","Zambia",1,0,"FIFA World Cup qualification","Uyo","Nigeria",FALSE
"735","2017-10-07","South Africa","Burkina Faso",3,1,"FIFA World Cup qualification","Johannesburg","South Africa",FALSE
"736","2017-10-07","Sweden","Luxembourg",8,0,"FIFA World Cup qualification","Solna","Sweden",FALSE
"737","2017-10-07","Switzerland","Hungary",5,2,"FIFA World Cup qualification","Basel","Switzerland",FALSE
"738","2017-10-07","Uganda","Ghana",0,0,"FIFA World Cup qualification","Kampala","Uganda",FALSE
"739","2017-10-08","Czech Republic","San Marino",5,0,"FIFA World Cup qualification","Plzeň","Czech Republic",FALSE
"740","2017-10-08","Denmark","Romania",1,1,"FIFA World Cup qualification","Copenhagen","Denmark",FALSE
"741","2017-10-08","Egypt","Congo",2,1,"FIFA World Cup qualification","Alexandria","Egypt",FALSE
"742","2017-10-08","Germany","Azerbaijan",5,1,"FIFA World Cup qualification","Kaiserslautern","Germany",FALSE
"743","2017-10-08","Kazakhstan","Armenia",1,1,"FIFA World Cup qualification","Astana","Kazakhstan",FALSE
"744","2017-10-08","Lithuania","England",0,1,"FIFA World Cup qualification","Vilnius","Lithuania",FALSE
"745","2017-10-08","Norway","Northern Ireland",1,0,"FIFA World Cup qualification","Oslo","Norway",FALSE
"746","2017-10-08","Poland","Montenegro",4,2,"FIFA World Cup qualification","Warsaw","Poland",FALSE
"747","2017-10-08","Slovakia","Malta",3,0,"FIFA World Cup qualification","Trnava","Slovakia",FALSE
"748","2017-10-08","Slovenia","Scotland",2,2,"FIFA World Cup qualification","Ljubljana","Slovenia",FALSE
"749","2017-10-09","Albania","Italy",0,1,"FIFA World Cup qualification","Shkodër","Albania",FALSE
"750","2017-10-09","Finland","Turkey",2,2,"FIFA World Cup qualification","Turku","Finland",FALSE
"751","2017-10-09","Iceland","Kosovo",2,0,"FIFA World Cup qualification","Reykjavík","Iceland",FALSE
"752","2017-10-09","Israel","Spain",0,1,"FIFA World Cup qualification","Jerusalem","Israel",FALSE
"753","2017-10-09","Macedonia","Liechtenstein",4,0,"FIFA World Cup qualification","Strumica","Macedonia",FALSE
"754","2017-10-09","Moldova","Austria",0,1,"FIFA World Cup qualification","Chișinău","Moldova",FALSE
"755","2017-10-09","Serbia","Georgia",1,0,"FIFA World Cup qualification","Belgrade","Serbia",FALSE
"756","2017-10-09","Ukraine","Croatia",0,2,"FIFA World Cup qualification","Kyïv","Ukraine",FALSE
"757","2017-10-09","Wales","Ireland",0,1,"FIFA World Cup qualification","Cardiff","Wales",FALSE
"758","2017-10-10","Australia","Syria",2,1,"FIFA World Cup qualification","Sydney","Australia",FALSE
"759","2017-10-10","Belgium","Cyprus",4,0,"FIFA World Cup qualification","Brussels","Belgium",FALSE
"760","2017-10-10","Brazil","Chile",3,0,"FIFA World Cup qualification","São Paulo","Brazil",FALSE
"761","2017-10-10","Ecuador","Argentina",1,3,"FIFA World Cup qualification","Quito","Ecuador",FALSE
"762","2017-10-10","Estonia","Bosnia-Herzegovina",1,2,"FIFA World Cup qualification","Tallinn","Estonia",FALSE
"763","2017-10-10","France","Belarus",2,1,"FIFA World Cup qualification","Saint-Denis","France",FALSE
"764","2017-10-10","Greece","Gibraltar",4,0,"FIFA World Cup qualification","Piraeus","Greece",FALSE
"765","2017-10-10","Honduras","Mexico",3,2,"FIFA World Cup qualification","San Pedro Sula","Honduras",FALSE
"766","2017-10-10","Hungary","Faroe Islands",1,0,"FIFA World Cup qualification","Budapest","Hungary",FALSE
"767","2017-10-10","Latvia","Andorra",4,0,"FIFA World Cup qualification","Riga","Latvia",FALSE
"768","2017-10-10","Luxembourg","Bulgaria",1,1,"FIFA World Cup qualification","Luxembourg","Luxembourg",FALSE
"769","2017-10-10","Netherlands","Sweden",2,0,"FIFA World Cup qualification","Amsterdam","Netherlands",FALSE
"770","2017-10-10","Panama","Costa Rica",2,1,"FIFA World Cup qualification","Panama City","Panama",FALSE
"771","2017-10-10","Paraguay","Venezuela",0,1,"FIFA World Cup qualification","Asunción","Paraguay",FALSE
"772","2017-10-10","Peru","Colombia",1,1,"FIFA World Cup qualification","Lima","Peru",FALSE
"773","2017-10-10","Portugal","Switzerland",2,0,"FIFA World Cup qualification","Lisbon","Portugal",FALSE
"774","2017-10-10","Trinidad and Tobago","USA",2,1,"FIFA World Cup qualification","Couva","Trinidad and Tobago",FALSE
"775","2017-10-10","Uruguay","Bolivia",4,2,"FIFA World Cup qualification","Montevideo","Uruguay",FALSE
"776","2017-11-09","Croatia","Greece",4,1,"FIFA World Cup qualification","Zagreb","Croatia",FALSE
"777","2017-11-09","Northern Ireland","Switzerland",0,1,"FIFA World Cup qualification","Belfast","Northern Ireland",FALSE
"778","2017-11-10","Algeria","Nigeria",3,0,"FIFA World Cup qualification","Constantine","Algeria",FALSE
"779","2017-11-10","Honduras","Australia",0,0,"FIFA World Cup qualification","San Pedro Sula","Honduras",FALSE
"780","2017-11-10","South Africa","Senegal",0,2,"FIFA World Cup qualification","Polokwane","South Africa",FALSE
"781","2017-11-10","Sweden","Italy",1,0,"FIFA World Cup qualification","Solna","Sweden",FALSE
"782","2017-11-11","Congo DR","Guinea",3,1,"FIFA World Cup qualification","Kinshasa","Congo DR",FALSE
"783","2017-11-11","Denmark","Ireland",0,0,"FIFA World Cup qualification","Copenhagen","Denmark",FALSE
"784","2017-11-11","Gabon","Mali",0,0,"FIFA World Cup qualification","Franceville","Gabon",FALSE
"785","2017-11-11","Ivory Coast","Morocco",0,2,"FIFA World Cup qualification","Abidjan","Ivory Coast",FALSE
"786","2017-11-11","New Zealand","Peru",0,0,"FIFA World Cup qualification","Wellington","New Zealand",FALSE
"787","2017-11-11","Tunisia","Libya",0,0,"FIFA World Cup qualification","Radès","Tunisia",FALSE
"788","2017-11-11","Zambia","Cameroon",2,2,"FIFA World Cup qualification","Ndola","Zambia",FALSE
"789","2017-11-12","Congo","Uganda",1,1,"FIFA World Cup qualification","Brazzaville","Congo",FALSE
"790","2017-11-12","Ghana","Egypt",1,1,"FIFA World Cup qualification","Kumasi","Ghana",FALSE
"791","2017-11-12","Greece","Croatia",0,0,"FIFA World Cup qualification","Piraeus","Greece",FALSE
"792","2017-11-12","Switzerland","Northern Ireland",0,0,"FIFA World Cup qualification","Basel","Switzerland",FALSE
"793","2017-11-13","Italy","Sweden",0,0,"FIFA World Cup qualification","Milan","Italy",FALSE
"794","2017-11-14","Burkina Faso","Cape Verde",4,0,"FIFA World Cup qualification","Ouagadougou","Burkina Faso",FALSE
"795","2017-11-14","Ireland","Denmark",1,5,"FIFA World Cup qualification","Dublin","Ireland",FALSE
"796","2017-11-14","Senegal","South Africa",2,1,"FIFA World Cup qualification","Dakar","Senegal",FALSE
"797","2017-11-15","Australia","Honduras",3,1,"FIFA World Cup qualification","Sydney","Australia",FALSE
"798","2017-11-15","Peru","New Zealand",2,0,"FIFA World Cup qualification","Lima","Peru",FALSE
